Epoch,GlobalOptimizerStep,JValid,LearningRate,TrainBatches,TrainSamples,SamplesPerSecond,EpochWallSeconds,PeakGPUMemoryBytes,GradientNormBeforeClip,ScalerScale,SampledLA,SampledLV,SampledL,full_loss,missing_loss,kd_loss,total_loss,support_task_all,support_task_c,support_task_l_hetero,support_task_v_hetero,support_task_a_hetero,support_absent_reconstruction,support_absent_specific_consistency,support_absent_orthogonality,support_absent_triplet,L_reg,L_Acc2,L_Acc5,L_Acc7,weighted_reg,weighted_ordinal,supervised_gradient_norm,kd_gradient_norm,gradient_cosine,LAV_acc_7,LAV_acc_5,LAV_acc_2,LAV_F1_score,LAV_Corr,LAV_MAE,LAV_Loss,LAV_PredictionStd,LA_acc_7,LA_acc_5,LA_acc_2,LA_F1_score,LA_Corr,LA_MAE,LA_Loss,LA_PredictionStd,LV_acc_7,LV_acc_5,LV_acc_2,LV_F1_score,LV_Corr,LV_MAE,LV_Loss,LV_PredictionStd,L_acc_7,L_acc_5,L_acc_2,L_F1_score,L_Corr,L_MAE,L_Loss,L_PredictionStd
1,103,0.5994941194852192,0.0001,1021,16326,64.39504229997134,253.5288348250324,3276633600,83.46188552534073,1.0,5452,5527,5347,4.0254969210395855,2.3832356716696825,0.03583135783542805,6.4445639401528325,0.4261951711572466,0.4294895952700635,0.41713863220084074,0.1402353266378122,0.13589968079455694,0.0,0.0,0.0,0.0,0.03583135783542805,0.0,0.0,0.0,0.03583135783542805,0.0,2281.7017720092927,368.7465641337988,-0.4233001883495339,0.4660609299839658,0.484233030464992,0.8400556328233658,0.8328029411567697,0.7299199373960692,0.6001958250999451,0.6001882293285468,0.9360105991363525,0.4740780331373597,0.4922501336183859,0.8393602225312935,0.8314378978648976,0.7269934452038238,0.6009186506271362,0.6009133929370815,0.9179091453552246,0.46766435061464456,0.48583645109567075,0.8421418636995828,0.8344980384501768,0.7301132561054705,0.5968529582023621,0.5968414606192173,0.9208022952079773,0.47621592731159806,0.4938535542490647,0.8351877607788595,0.8264575397556557,0.7270746373012912,0.5986056327819824,0.5985963229949658,0.9032087922096252
2,206,0.5387563904126484,0.0001,1021,16326,63.66143322411741,256.4504004520131,4233362432,134.2910627793258,1.0,5544,5350,5432,2.7467536535132293,1.9645131944909502,0.062471420354557376,4.773738256981277,0.35361247046337074,0.350955454889871,0.34393943242006275,0.10977626898500203,0.1183507041371702,0.0,0.0,0.0,0.0,0.062471420354557376,0.0,0.0,0.0,0.062471420354557376,0.0,79.17564214840975,3.78655289997804,0.5286251263639982,0.5269909139497595,0.5408872260823089,0.8477051460361613,0.8426037316525805,0.7400171779032924,0.5381975769996643,0.538155415119269,0.8350772261619568,0.5269909139497595,0.5408872260823089,0.8428372739916551,0.8365083819377473,0.7358276617577648,0.5441446304321289,0.5440992549953297,0.8183491826057434,0.5339390700160342,0.5478353821485836,0.8463143254520167,0.8414006194188753,0.7397757969522644,0.533649206161499,0.5335973045255384,0.8166482448577881,0.530197755211117,0.5440940673436665,0.844923504867872,0.8389952917940353,0.7354891863024003,0.5401517748832703,0.5400969026944576,0.8007736206054688
3,309,0.5404656827449799,0.0001,1021,16326,63.66302474884362,256.4439897920238,4238048256,84.36116175373246,1.0,5510,5343,5473,2.195389779494395,1.6508153368163412,0.07107032231811386,3.917275438579593,0.29941589364108795,0.29455015961587955,0.2883963411223293,0.09332834161365593,0.09833191850233593,0.0,0.0,0.0,0.0,0.07107032231811386,0.0,0.0,0.0,0.07107032231811386,0.0,42.74170815045265,1.7385800838841816,0.1389322170553054,0.5269909139497595,0.5435595938001069,0.8442280945757997,0.8435626090654207,0.7340204575280757,0.5413579940795898,0.5413164784256209,0.9214763045310974,0.5280598610368786,0.5446285408872261,0.8435326842837274,0.842825165986833,0.7315837248964221,0.5408635139465332,0.5408179444125575,0.9001531004905701,0.5259219668626403,0.5424906467129877,0.844923504867872,0.844299501766325,0.7334172380649191,0.5386360287666321,0.5385914536622854,0.8980634808540344,0.5323356493853554,0.5489043292357029,0.8442280945757997,0.8434058274186177,0.7309321329268061,0.5392205715179443,0.5391717568421975,0.8778030276298523
4,412,0.5360575616359711,0.0001,1021,16326,63.27110853161647,258.03246403695084,4238048256,51.88726008824021,1.0,5557,5423,5346,1.8098535634628357,1.3836619305213682,0.08148824985811338,3.2750037464876014,0.2508914365590961,0.24745974510937316,0.24111381987516606,0.07924973977871977,0.0827195506171669,0.0,0.0,0.0,0.0,0.08148824985811338,0.0,0.0,0.0,0.08148824985811338,0.0,38.84839904163004,1.3673316845496033,0.014372703518952814,0.5312667022982362,0.5467664350614645,0.8477051460361613,0.84773944269857,0.7426857336440363,0.5374603867530823,0.5374195104480809,0.9197708368301392,0.5307322287546766,0.5462319615179049,0.8477051460361613,0.8476010993406993,0.7409003989622812,0.5356820821762085,0.5356360691734868,0.8975984454154968,0.5291288081239979,0.5440940673436665,0.8511821974965229,0.8510462579145142,0.7424146409741423,0.5343468189239502,0.5343008161100566,0.8936002254486084,0.5339390700160342,0.5489043292357029,0.8511821974965229,0.8507652538025154,0.740629086012274,0.5339353084564209,0.5338849993343027,0.8729931116104126
5,515,0.5389508803685505,0.0001,1021,16326,63.238347272700125,258.1661402499303,4238048256,52.40895777119489,1.0,5575,5314,5437,1.6012757241901057,1.2387278024818709,0.08969048428714976,2.929694009924729,0.22638304997874054,0.22073921626187445,0.21571143534870035,0.07002004373720122,0.07445118617837433,0.0,0.0,0.0,0.0,0.08969048428714976,0.0,0.0,0.0,0.08969048428714976,0.0,41.49569971078552,2.61905672474745,0.2917064223364685,0.5195082843399251,0.5339390700160342,0.849095966620306,0.84878148598816,0.7375128242737831,0.5407437682151794,0.5406650167245132,0.917445719242096,0.5200427578834848,0.5344735435595938,0.8477051460361613,0.8473877669650094,0.7357193834883485,0.5384244322776794,0.5383413268460168,0.8945287466049194,0.5216461785141635,0.535542490646713,0.849095966620306,0.8486366851126407,0.7371542005508795,0.5372034311294556,0.5371199262957288,0.8912510275840759,0.518439337252806,0.5323356493853554,0.8504867872044506,0.8499588436597971,0.7352520831113732,0.5358461141586304,0.5357592187376103,0.8696120381355286
6,618,0.5317489703496296,0.0001,1021,16326,63.024245620578604,259.04316491493955,4238048256,53.281681281895544,1.0,5375,5490,5461,1.416349577973802,1.0959197434575738,0.09472267614106532,2.606992004550519,0.20153774754541043,0.1956007463253677,0.19100838735422354,0.06251723176857181,0.06323885350432484,0.0,0.0,0.0,0.0,0.09472267614106532,0.0,0.0,0.0,0.09472267614106532,0.0,46.60846367678891,2.256783948090133,-0.03822817529980024,0.5446285408872261,0.5606627471940139,0.8358831710709318,0.8380365555965316,0.7397184525417001,0.5327738523483276,0.5326827517432026,0.906700611114502,0.5344735435595938,0.5505077498663816,0.8317107093184979,0.8339188409083077,0.7386633810379835,0.5313987731933594,0.5312996366594591,0.8821362257003784,0.5366114377338321,0.5521111704970604,0.8324061196105702,0.8346748696594232,0.7394461079900512,0.5305788516998291,0.5304798476206951,0.8806276917457581,0.5408872260823089,0.5558524853019775,0.8303198887343533,0.8325462693455664,0.7382729069192587,0.5301946401596069,0.5300900235644772,0.8579087853431702
7,721,0.5306173662344615,0.0001,1021,16326,63.699823609533304,256.2958437890047,4238048256,76.78036620898109,1.0,5412,5434,5480,1.272953125919114,0.9868467716932531,0.09959695153084312,2.3593968505607177,0.18260086603630535,0.17573782806006516,0.1715347109313226,0.057475558725203026,0.05642838648841493,0.0,0.0,0.0,0.0,0.09959695153084312,0.0,0.0,0.0,0.09959695153084312,0.0,60.74747098192499,3.0781405413830067,0.2686427269508447,0.530197755211117,0.5446285408872261,0.8379694019471489,0.8396822965770238,0.7419474929184218,0.5317636728286743,0.5316599788319352,0.8749324679374695,0.5291288081239979,0.5435595938001069,0.8372739916550765,0.8388620008807086,0.7410864818488007,0.5298393964767456,0.5297305795372041,0.8494425415992737,0.5334045964724746,0.5478353821485836,0.8372739916550765,0.8390713358774061,0.7415232970727791,0.5298706293106079,0.529761324580918,0.8489425778388977,0.5318011758417959,0.5456974879743453,0.8372739916550765,0.8388620008807086,0.7405678502245282,0.5287031531333923,0.5285895291047219,0.8256150484085083
8,824,0.524890273809433,0.0001,1021,16326,63.52041386190827,257.0197367540095,4238048256,56.17336298458248,1.0,5404,5544,5378,1.1764355350603202,0.9100869262954047,0.10256369322917837,2.1890861584087076,0.16875736376710315,0.16150380833754927,0.15802829324046147,0.05278507413444758,0.05295579856257962,0.0,0.0,0.0,0.0,0.10256369322917837,0.0,0.0,0.0,0.10256369322917837,0.0,47.89637600299201,3.74242261155066,0.35117543207507484,0.5334045964724746,0.5478353821485836,0.8442280945757997,0.8454259775224299,0.7431596373436593,0.5260869860649109,0.5260035540813055,0.8583380579948425,0.5296632816675575,0.5435595938001069,0.8414464534075105,0.842550425692763,0.7425172753964987,0.5243474245071411,0.5242572442079202,0.8335649371147156,0.532870122928915,0.5467664350614645,0.8435326842837274,0.8447077466623706,0.7430804145315627,0.5237733125686646,0.5236814590091379,0.8324811458587646,0.5296632816675575,0.5430251202565473,0.8414464534075105,0.8424321093652037,0.7422778382595832,0.5229599475860596,0.5228629094413203,0.8106756210327148
9,927,0.5213337540626526,0.0001,1021,16326,63.59238440137314,256.7288550080266,4238048256,54.926002862139285,1.0,5438,5411,5477,1.0700132828442988,0.8325312595584601,0.10596479136536918,2.0085093336988034,0.15552818804731214,0.14797182927723612,0.14441594785767134,0.047444441607066894,0.04833895757923908,0.0,0.0,0.0,0.0,0.10596479136536918,0.0,0.0,0.0,0.10596479136536918,0.0,37.10203293539588,2.661440913730276,0.24567109837030338,0.5398182789951897,0.5531801175841796,0.8428372739916551,0.8442655476770995,0.7422479221406025,0.5209972858428955,0.5208510213937515,0.8106537461280823,0.5408872260823089,0.5537145911277391,0.8414464534075105,0.8427780341086206,0.7414963691333566,0.5217912197113037,0.5216426038079791,0.7873568534851074,0.5430251202565473,0.5558524853019775,0.8428372739916551,0.8441571741602995,0.7420618348625294,0.5210460424423218,0.5208960591982572,0.7876604795455933,0.5387493319080705,0.5515766969535008,0.8421418636995828,0.8433840220360306,0.7411659142873217,0.5221734046936035,0.5220225324742814,0.7672096490859985
10,1030,0.5274726748466492,0.0001,1021,16326,63.93850847669033,255.3390816419851,4238048256,56.689598743814614,1.0,5388,5482,5456,1.012565355839155,0.7919544104147378,0.1078528544622,1.9123726219785318,0.1482823400791957,0.14107328996675256,0.13735579446425167,0.04485435764525126,0.045677040041133356,0.0,0.0,0.0,0.0,0.1078528544622,0.0,0.0,0.0,0.1078528544622,0.0,37.11239030869392,1.4132624955813156,-0.08129313358677921,0.5195082843399251,0.5350080171031534,0.847009735744089,0.8456375754361164,0.7393903061504734,0.5278723239898682,0.5277673133418092,0.8578083515167236,0.5189738107963656,0.535542490646713,0.8477051460361613,0.8462975397057525,0.7383514248933725,0.5273489952087402,0.527237373794246,0.8335853815078735,0.5237840726884019,0.5403527525387494,0.8463143254520167,0.8447235095814986,0.7389115409007508,0.5266920328140259,0.5265825271097004,0.8334705233573914,0.5243185462319615,0.5403527525387494,0.8477051460361613,0.8461287266893582,0.7378041532159545,0.5271780490875244,0.5270637255958003,0.8123523592948914
11,1133,0.5298500458399455,0.0001,1021,16326,63.9910561244808,255.12940443994012,4238048256,58.56407398174293,1.0,5428,5492,5406,0.9398604090545366,0.7356486301814424,0.11053155150618423,1.7860405946571842,0.137459990884981,0.1305149697154089,0.1276011349310429,0.04267119449525925,0.04219906940900271,0.0,0.0,0.0,0.0,0.11053155150618423,0.0,0.0,0.0,0.11053155150618423,0.0,29.622577834848435,1.4777034977356225,0.1827097102416084,0.5243185462319615,0.5419561731694281,0.8421418636995828,0.8428470691047368,0.7403957686331295,0.5315980911254883,0.5315158593858409,0.9260126352310181,0.5243185462319615,0.5403527525387494,0.8414464534075105,0.8422489361051375,0.7398204052418533,0.5289038419723511,0.5288120887727819,0.8995239734649658,0.5253874933190807,0.5414216996258685,0.8456189151599444,0.8460880527698476,0.7399966040556911,0.528518795967102,0.5284297662413019,0.8984681367874146,0.5248530197755211,0.5408872260823089,0.8421418636995828,0.842719370270897,0.7393114897260965,0.5268833637237549,0.526786101806877,0.8760871887207031
12,1236,0.5390575627485912,0.0001,1021,16326,63.835190677512195,255.75235024897847,4238048256,62.03882153045733,1.0,5458,5306,5562,0.8691072314831699,0.6788634176965325,0.11177532644495441,1.6597459744753262,0.12795965729261238,0.12045078932961685,0.1174363098531436,0.03904685072681112,0.03909719196156426,0.0,0.0,0.0,0.0,0.11177532644495441,0.0,0.0,0.0,0.11177532644495441,0.0,35.019857454661896,1.1473135885079526,-0.44239903490961574,0.5248530197755211,0.5414216996258685,0.8497913769123783,0.8489216965052542,0.7399077170284364,0.5408326387405396,0.5407787001031077,0.9284058809280396,0.5232495991448424,0.5376803848209514,0.8504867872044506,0.8496594442761507,0.7391577570572178,0.5380537509918213,0.5379914009672964,0.9045035243034363,0.5237840726884019,0.5392838054516301,0.8497913769123783,0.8489216965052542,0.7395004654152951,0.5378036499023438,0.5377420665871384,0.9038402438163757,0.5237840726884019,0.538214858364511,0.8504867872044506,0.8495826236155022,0.7386902828629537,0.5359900593757629,0.5359212883517274,0.8834167718887329
13,1339,0.5292052328586578,0.0001,1021,16326,63.56175472510828,256.85256978997495,4238048256,45.31553367018277,1.0,5481,5542,5303,0.8205472324025269,0.6391959242325689,0.1144649437943384,1.5742081007924766,0.11961184676652674,0.11324921280627269,0.11043657351515085,0.03735788226999656,0.03766726315054353,0.0,0.0,0.0,0.0,0.1144649437943384,0.0,0.0,0.0,0.1144649437943384,0.0,27.8820670823629,2.0287682653661974,0.01186927617294014,0.5280598610368786,0.5446285408872261,0.844923504867872,0.8434901888327982,0.7397543323627731,0.530230700969696,0.5301759138575985,0.8896099925041199,0.5280598610368786,0.5446285408872261,0.8484005563282336,0.8467031163976606,0.7391968086523564,0.5288113951683044,0.5287498391082144,0.8673178553581238,0.5248530197755211,0.5419561731694281,0.8463143254520167,0.8447235095814986,0.7393770920278104,0.5281376838684082,0.5280747393257598,0.8647325038909912,0.5318011758417959,0.5456974879743453,0.8497913769123783,0.8480237760622821,0.7387427279440406,0.5275902152061462,0.5275218593768585,0.8459514379501343
14,1442,0.5427207251389821,0.0001,1021,16326,63.898186167742644,255.50021063699387,4238048256,93.1742213012351,1.0,5463,5347,5516,0.7796773136421001,0.6099546767997461,0.11473143530916514,1.5043634251562785,0.11528275216711606,0.10832803419824912,0.10568288024460183,0.03433753163977932,0.0349577196057791,0.0,0.0,0.0,0.0,0.11473143530916514,0.0,0.0,0.0,0.11473143530916514,0.0,27.996998918274763,1.3378811003194617,0.48254090320430293,0.5280598610368786,0.5424906467129877,0.8296244784422809,0.8319772020926939,0.7228378175018324,0.5442115664482117,0.5441204566731412,0.9145700335502625,0.5307322287546766,0.5446285408872261,0.8282336578581363,0.8306966933843468,0.7224072371899919,0.5422917008399963,0.542195010643739,0.8925963044166565,0.5318011758417959,0.5462319615179049,0.8310152990264256,0.8333028768765139,0.7226121136113405,0.5411586165428162,0.5410631174205714,0.8908544778823853,0.5291288081239979,0.5440940673436665,0.8296244784422809,0.8319772020926939,0.7221178891174405,0.5402393341064453,0.5401391817463769,0.8726827502250671
15,1545,0.5286013583342235,5e-05,1021,16326,63.80955731144411,255.8550900509581,4238048256,46.09545483948888,1.0,5389,5395,5542,0.7471326797120601,0.5803289667691354,0.11734924400289133,1.4448108900188816,0.10950772067300253,0.10323545420642698,0.10022097623138072,0.03331977078813355,0.03360309340123609,0.0,0.0,0.0,0.0,0.11734924400289133,0.0,0.0,0.0,0.11734924400289133,0.0,32.27157789453092,1.8254419748036679,0.5990096106013678,0.535542490646713,0.5505077498663816,0.8511821974965229,0.849258597184356,0.732648696104991,0.5288974046707153,0.5288173161510729,0.8686708211898804,0.5253874933190807,0.5398182789951897,0.8497913769123783,0.8477615483114161,0.732058783924233,0.5286252498626709,0.5285409080167102,0.8487595915794373,0.530197755211117,0.5446285408872261,0.8504867872044506,0.8485103821174534,0.7322773783391362,0.5280457139015198,0.5279603562293909,0.8478317856788635,0.5291288081239979,0.5435595938001069,0.8484005563282336,0.8462620108378829,0.7316071586080516,0.5282449722290039,0.5281564776714032,0.8317528963088989
16,1648,0.5323289334774017,5e-05,1021,16326,63.775492635859536,255.99175121600274,4238048256,38.60519846330225,1.0,5424,5486,5416,0.6644328820366817,0.5212906765132179,0.11740250666931373,1.3031260664853013,0.09975515471645481,0.09264177124104467,0.08986889129097735,0.030030355278409863,0.029256722151213322,0.0,0.0,0.0,0.0,0.11740250666931373,0.0,0.0,0.0,0.11740250666931373,0.0,26.822655106881754,2.450876737226379,0.207383937733688,0.5269909139497595,0.5435595938001069,0.844923504867872,0.8446735324654557,0.7330864714880346,0.5339100956916809,0.533862502911152,0.9062157869338989,0.5285943345804383,0.5440940673436665,0.8456189151599444,0.8451863847857869,0.732932438651724,0.5312630534172058,0.5312069099173586,0.8837556838989258,0.530197755211117,0.5451630144307856,0.8456189151599444,0.8451863847857869,0.7329509497293313,0.531261682510376,0.5312059827339954,0.8832145929336548,0.5280598610368786,0.5430251202565473,0.8456189151599444,0.8451115172530471,0.7327489542514044,0.5297185778617859,0.5296559748996017,0.8648589253425598
17,1751,0.5278075933456421,5e-05,1021,16326,63.54327607921595,256.92726342298556,4238048256,40.75104605077843,1.0,5441,5368,5517,0.5078308722706663,0.3922606253746558,0.11963011332432741,1.0197216118818166,0.07647097006031511,0.07023193635754324,0.06685504914023326,0.02192926638642003,0.023063304860748708,0.0,0.0,0.0,0.0,0.11963011332432741,0.0,0.0,0.0,0.11963011332432741,0.0,31.121352785420907,1.6323799901499916,0.530046476652363,0.5280598610368786,0.5435595938001069,0.8525730180806675,0.8514101564993526,0.7352182477926853,0.528339147567749,0.5282643628426087,0.8616759777069092,0.5280598610368786,0.5430251202565473,0.8504867872044506,0.8491865307593702,0.7349782815181488,0.5276852250099182,0.5276053122475616,0.8442034125328064,0.5291288081239979,0.5440940673436665,0.8532684283727399,0.852071687367541,0.7349964262052184,0.5271857380867004,0.5271051202574347,0.8430967926979065,0.5275253874933191,0.5419561731694281,0.8511821974965229,0.849765793984311,0.7346837659351403,0.5269571542739868,0.526872580886906,0.8290010094642639
18,1854,0.5283501545588176,5e-05,1021,16326,63.61488540690282,256.63804839993827,4238048256,49.85412777314015,1.0,5483,5409,5434,0.4536784223548112,0.3495500846369143,0.12075217743563839,0.9239806853650716,0.06899266679799522,0.06301099700482889,0.05916060507662383,0.019693064841215593,0.02037154092616698,0.0,0.0,0.0,0.0,0.12075217743563839,0.0,0.0,0.0,0.12075217743563839,0.0,26.66374657114327,1.2764889574010896,-0.45227031568868653,0.5232495991448424,0.5392838054516301,0.8511821974965229,0.849765793984311,0.7338803435792538,0.5287719964981079,0.5287075720281682,0.846447229385376,0.5248530197755211,0.5408872260823089,0.8525730180806675,0.8509222966802938,0.7338463578108751,0.5281637907028198,0.5280936105638487,0.8296154141426086,0.5237840726884019,0.5392838054516301,0.8511821974965229,0.8499283157702229,0.7337527780969001,0.527932345867157,0.5278616738625062,0.8293080925941467,0.5264564404061999,0.5408872260823089,0.8525730180806675,0.8509222966802938,0.7336932372266127,0.5276888012886047,0.5276137626069224,0.8159202337265015
19,1957,0.5304236312707264,5e-05,1021,16326,52.433833373556055,311.36384619702585,4238048256,42.072667029568755,1.0,5449,5360,5517,0.43439977621179837,0.33594641484955035,0.1216603976571303,0.8920065905683539,0.06662358353999931,0.06021286086904489,0.05693856642438312,0.018583340075479987,0.019710931902793286,0.0,0.0,0.0,0.0,0.1216603976571303,0.0,0.0,0.0,0.1216603976571303,0.0,23.151712463891716,1.153386898937578,-0.0017052665061075886,0.5237840726884019,0.5408872260823089,0.8560500695410292,0.8543147380112528,0.7318540395577855,0.5310232043266296,0.530964187067798,0.8833386898040771,0.5269909139497595,0.5424906467129877,0.8532684283727399,0.8510664410251433,0.7316157842656652,0.5304358005523682,0.5303734849151384,0.8679522275924683,0.5248530197755211,0.5403527525387494,0.8553546592489569,0.8536525250970123,0.7315649915362975,0.5296109318733215,0.5295463214572679,0.8675078749656677,0.5259219668626403,0.5408872260823089,0.8518776077885952,0.8496547485230118,0.7313544857094171,0.5294254422187805,0.5293582453686967,0.8549101948738098
