direction	role	mode	teacher	MAE	Corr
A	inner_train	LAV	Equal Teacher	0.5506591537	0.7547565799945832
A	inner_train	LAV	Hard select-one Oracle	0.4007799307	NA
A	inner_train	LAV	Fixed Teacher l2=0.0	0.550774732	0.7550543676277345
A	inner_train	LAV	Fixed Teacher l2=0.001	0.5507639375	0.7550480327641845
A	inner_train	LAV	Fixed Teacher l2=0.01	0.5507117179	0.7549993887388268
A	inner_train	LAV	Soft-Oracle final tau=0.02	0.4011721682	0.8440366467946429
A	inner_train	LAV	Soft-Oracle final tau=0.05	0.411315081	0.8387574661959599
A	inner_train	LAV	Soft-Oracle final tau=0.1	0.4343416777	0.8275275669546504
A	inner_train	LAV	Soft-Oracle final tau=0.2	0.4684562258	0.8097549856700055
A	inner_train	LA	Equal Teacher	0.5519736318	0.7537020012068695
A	inner_train	LA	Hard select-one Oracle	0.4029744947	NA
A	inner_train	LA	Fixed Teacher l2=0.0	0.5520407047	0.7540712138396506
A	inner_train	LA	Fixed Teacher l2=0.001	0.5520326571	0.754063382523403
A	inner_train	LA	Fixed Teacher l2=0.01	0.5519909563	0.7540049359973777
A	inner_train	LA	Soft-Oracle final tau=0.02	0.403532218	0.8432925138668158
A	inner_train	LA	Soft-Oracle final tau=0.05	0.4138332356	0.8379099511913303
A	inner_train	LA	Soft-Oracle final tau=0.1	0.4369616539	0.8265106149466686
A	inner_train	LA	Soft-Oracle final tau=0.2	0.470839352	0.8086355271232565
A	inner_train	LV	Equal Teacher	0.5506713545	0.7545927331820365
A	inner_train	LV	Hard select-one Oracle	0.4017259457	NA
A	inner_train	LV	Fixed Teacher l2=0.0	0.5508366442	0.7548354121801458
A	inner_train	LV	Fixed Teacher l2=0.001	0.5508257374	0.7548298350749238
A	inner_train	LV	Fixed Teacher l2=0.01	0.5507674871	0.7547864537792244
A	inner_train	LV	Soft-Oracle final tau=0.02	0.4021749812	0.8438395252157666
A	inner_train	LV	Soft-Oracle final tau=0.05	0.4124659188	0.8385337676674061
A	inner_train	LV	Soft-Oracle final tau=0.1	0.4355053004	0.8272552068535038
A	inner_train	LV	Soft-Oracle final tau=0.2	0.4693242482	0.8094998856576652
A	inner_train	L	Equal Teacher	0.5520669584	0.7535569205124782
A	inner_train	L	Hard select-one Oracle	0.4036655945	NA
A	inner_train	L	Fixed Teacher l2=0.0	0.5521736705	0.7538547652497081
A	inner_train	L	Fixed Teacher l2=0.001	0.5521651534	0.7538481488450576
A	inner_train	L	Fixed Teacher l2=0.01	0.5521164596	0.7537984107124489
A	inner_train	L	Soft-Oracle final tau=0.02	0.4042323102	0.8431576417918795
A	inner_train	L	Soft-Oracle final tau=0.05	0.4146491855	0.8377569622740859
A	inner_train	L	Soft-Oracle final tau=0.1	0.4378544245	0.8263200249803588
A	inner_train	L	Soft-Oracle final tau=0.2	0.4715155014	0.8084543892144982
A	inner_train	Overall	Equal Teacher	0.5513427746	0.7541435179129474
A	inner_train	Overall	Hard select-one Oracle	0.4022864914	NA
A	inner_train	Overall	Fixed Teacher l2=0.0	0.5514564379	0.7544473010771294
A	inner_train	Overall	Fixed Teacher l2=0.001	0.5514468713	0.7544406401389697
A	inner_train	Overall	Fixed Teacher l2=0.01	0.5513966552	0.7543901732561519
A	inner_train	Overall	Soft-Oracle final tau=0.02	0.4027779194	0.8435755127355298
A	inner_train	Overall	Soft-Oracle final tau=0.05	0.4130658552	0.8382335864253981
A	inner_train	Overall	Soft-Oracle final tau=0.1	0.4361657641	0.8268972802373372
A	inner_train	Overall	Soft-Oracle final tau=0.2	0.4700338319	0.8090796139970344
A	inner_valid	LAV	Equal Teacher	0.5803295313	0.7856951482851091
A	inner_valid	LAV	Hard select-one Oracle	0.4228633867	NA
A	inner_valid	LAV	Fixed Teacher l2=0.0	0.579468214	0.7865488212256702
A	inner_valid	LAV	Fixed Teacher l2=0.001	0.5794940822	0.7865098191308152
A	inner_valid	LAV	Fixed Teacher l2=0.01	0.5796475524	0.7862735555900974
A	inner_valid	LAV	Soft-Oracle final tau=0.02	0.423290575	0.8640242549835686
A	inner_valid	LAV	Soft-Oracle final tau=0.05	0.4335328267	0.8594492160201354
A	inner_valid	LAV	Soft-Oracle final tau=0.1	0.4574875264	0.8493961656387169
A	inner_valid	LAV	Soft-Oracle final tau=0.2	0.4934868386	0.8334672065951655
A	inner_valid	LA	Equal Teacher	0.582866934	0.7842412327776472
A	inner_valid	LA	Hard select-one Oracle	0.4258376192	NA
A	inner_valid	LA	Fixed Teacher l2=0.0	0.5819369066	0.7850171426758067
A	inner_valid	LA	Fixed Teacher l2=0.001	0.5819615924	0.784983588741122
A	inner_valid	LA	Fixed Teacher l2=0.01	0.5821135574	0.7847806820547812
A	inner_valid	LA	Soft-Oracle final tau=0.02	0.4266389985	0.8627864337642955
A	inner_valid	LA	Soft-Oracle final tau=0.05	0.436812862	0.8582068360369444
A	inner_valid	LA	Soft-Oracle final tau=0.1	0.4608724424	0.8479466364433089
A	inner_valid	LA	Soft-Oracle final tau=0.2	0.4967726318	0.8319168544637002
A	inner_valid	LV	Equal Teacher	0.5807503496	0.785339810545982
A	inner_valid	LV	Hard select-one Oracle	0.4240095209	NA
A	inner_valid	LV	Fixed Teacher l2=0.0	0.5799523333	0.7861988815206364
A	inner_valid	LV	Fixed Teacher l2=0.001	0.5799767681	0.7861595978230098
A	inner_valid	LV	Fixed Teacher l2=0.01	0.5801601827	0.7859210950272444
A	inner_valid	LV	Soft-Oracle final tau=0.02	0.4249346185	0.8635459320981966
A	inner_valid	LV	Soft-Oracle final tau=0.05	0.4349438056	0.858979551051061
A	inner_valid	LV	Soft-Oracle final tau=0.1	0.4588937645	0.8488651456568206
A	inner_valid	LV	Soft-Oracle final tau=0.2	0.4945412677	0.8329738044117532
A	inner_valid	L	Equal Teacher	0.5833217376	0.783881824986162
A	inner_valid	L	Hard select-one Oracle	0.4268345722	NA
A	inner_valid	L	Fixed Teacher l2=0.0	0.5824294913	0.7846392271549787
A	inner_valid	L	Fixed Teacher l2=0.001	0.5824547745	0.7846050467624096
A	inner_valid	L	Fixed Teacher l2=0.01	0.5826109603	0.7843995026575995
A	inner_valid	L	Soft-Oracle final tau=0.02	0.427652003	0.8624521537263814
A	inner_valid	L	Soft-Oracle final tau=0.05	0.4379670125	0.8578317908548376
A	inner_valid	L	Soft-Oracle final tau=0.1	0.461953152	0.8475343027707594
A	inner_valid	L	Soft-Oracle final tau=0.2	0.4975265312	0.8315244374712966
A	inner_valid	Overall	Equal Teacher	0.5818171381	0.7847837502151401
A	inner_valid	Overall	Hard select-one Oracle	0.4248862748	NA
A	inner_valid	Overall	Fixed Teacher l2=0.0	0.5809467363	0.7855972553916891
A	inner_valid	Overall	Fixed Teacher l2=0.001	0.5809718043	0.7855606917102401
A	inner_valid	Overall	Fixed Teacher l2=0.01	0.5811330632	0.7853395208239812
A	inner_valid	Overall	Soft-Oracle final tau=0.02	0.4256290487	0.8631989463020999
A	inner_valid	Overall	Soft-Oracle final tau=0.05	0.4358141267	0.8586135576757241
A	inner_valid	Overall	Soft-Oracle final tau=0.1	0.4598017213	0.8484324796739535
A	inner_valid	Overall	Soft-Oracle final tau=0.2	0.4955818173	0.832466997366032
B	inner_train	LAV	Equal Teacher	0.556718261	0.7402487870044407
B	inner_train	LAV	Hard select-one Oracle	0.3997506859	NA
B	inner_train	LAV	Fixed Teacher l2=0.0	0.5566660776	0.7401905526842607
B	inner_train	LAV	Fixed Teacher l2=0.001	0.5566545135	0.7402025741972154
B	inner_train	LAV	Fixed Teacher l2=0.01	0.5565975824	0.7402724507211244
B	inner_train	LAV	Soft-Oracle final tau=0.02	0.3994287596	0.8407114851472371
B	inner_train	LAV	Soft-Oracle final tau=0.05	0.4088676902	0.8355981948469499
B	inner_train	LAV	Soft-Oracle final tau=0.1	0.4326268098	0.8236769431141047
B	inner_train	LAV	Soft-Oracle final tau=0.2	0.4692829601	0.8037410658761881
B	inner_train	LA	Equal Teacher	0.5584772254	0.7382084500151274
B	inner_train	LA	Hard select-one Oracle	0.4023054425	NA
B	inner_train	LA	Fixed Teacher l2=0.0	0.5584659879	0.7381947796957177
B	inner_train	LA	Fixed Teacher l2=0.001	0.5584481316	0.7382078461793352
B	inner_train	LA	Fixed Teacher l2=0.01	0.5583608627	0.7382810812474064
B	inner_train	LA	Soft-Oracle final tau=0.02	0.4022629223	0.8387802539291058
B	inner_train	LA	Soft-Oracle final tau=0.05	0.4119708599	0.8335686691473384
B	inner_train	LA	Soft-Oracle final tau=0.1	0.4355442876	0.821570844711006
B	inner_train	LA	Soft-Oracle final tau=0.2	0.4719199197	0.8015872347176096
B	inner_train	LV	Equal Teacher	0.5567866368	0.7402050953520484
B	inner_train	LV	Hard select-one Oracle	0.4008493196	NA
B	inner_train	LV	Fixed Teacher l2=0.0	0.5567322367	0.7401969116514295
B	inner_train	LV	Fixed Teacher l2=0.001	0.5567177311	0.7402084032333861
B	inner_train	LV	Fixed Teacher l2=0.01	0.5566465252	0.7402724437170215
B	inner_train	LV	Soft-Oracle final tau=0.02	0.4009074682	0.8403044017156178
B	inner_train	LV	Soft-Oracle final tau=0.05	0.4104776171	0.8351251491441138
B	inner_train	LV	Soft-Oracle final tau=0.1	0.4341606356	0.8231425931077
B	inner_train	LV	Soft-Oracle final tau=0.2	0.4705823715	0.8031814761687794
B	inner_train	L	Equal Teacher	0.5584982349	0.7382943486398977
B	inner_train	L	Hard select-one Oracle	0.4029136296	NA
B	inner_train	L	Fixed Teacher l2=0.0	0.5584893348	0.7382860970827991
B	inner_train	L	Fixed Teacher l2=0.001	0.5584679697	0.7382996028018903
B	inner_train	L	Fixed Teacher l2=0.01	0.5583621052	0.7383736792784905
B	inner_train	L	Soft-Oracle final tau=0.02	0.4029706352	0.8387353051921442
B	inner_train	L	Soft-Oracle final tau=0.05	0.412656094	0.833499447868936
B	inner_train	L	Soft-Oracle final tau=0.1	0.4362837971	0.8214693521635201
B	inner_train	L	Soft-Oracle final tau=0.2	0.4726064665	0.8014237645540998
B	inner_train	Overall	Equal Teacher	0.5576200895	0.7392287414522153
B	inner_train	Overall	Hard select-one Oracle	0.4014547694	NA
B	inner_train	Overall	Fixed Teacher l2=0.0	0.5575884092	0.7392160485041485
B	inner_train	Overall	Fixed Teacher l2=0.001	0.5575720865	0.7392283758760002
B	inner_train	Overall	Fixed Teacher l2=0.01	0.5574917689	0.7392972290367762
B	inner_train	Overall	Soft-Oracle final tau=0.02	0.4013924463	0.8396239116557865
B	inner_train	Overall	Soft-Oracle final tau=0.05	0.4109930653	0.8344386373531762
B	inner_train	Overall	Soft-Oracle final tau=0.1	0.4346538825	0.8224552633683995
B	inner_train	Overall	Soft-Oracle final tau=0.2	0.4710979294	0.8024735954615667
B	inner_valid	LAV	Equal Teacher	0.5258647663	0.754152270183397
B	inner_valid	LAV	Hard select-one Oracle	0.3702023939	NA
B	inner_valid	LAV	Fixed Teacher l2=0.0	0.5259823376	0.7539523117773249
B	inner_valid	LAV	Fixed Teacher l2=0.001	0.5259753357	0.753977401063958
B	inner_valid	LAV	Fixed Teacher l2=0.01	0.5258968012	0.7541478618501519
B	inner_valid	LAV	Soft-Oracle final tau=0.02	0.3702376609	0.8562534298062197
B	inner_valid	LAV	Soft-Oracle final tau=0.05	0.3800573451	0.8508633851609537
B	inner_valid	LAV	Soft-Oracle final tau=0.1	0.4037410041	0.8387159960351309
B	inner_valid	LAV	Soft-Oracle final tau=0.2	0.4390716011	0.8187585998208752
B	inner_valid	LA	Equal Teacher	0.5293446858	0.7513573488197309
B	inner_valid	LA	Hard select-one Oracle	0.3762642529	NA
B	inner_valid	LA	Fixed Teacher l2=0.0	0.5298206156	0.7504720685678307
B	inner_valid	LA	Fixed Teacher l2=0.001	0.5298140139	0.750504599932765
B	inner_valid	LA	Fixed Teacher l2=0.01	0.5297322859	0.750755795885884
B	inner_valid	LA	Soft-Oracle final tau=0.02	0.3762536394	0.8535299591721294
B	inner_valid	LA	Soft-Oracle final tau=0.05	0.386336735	0.8481892153617665
B	inner_valid	LA	Soft-Oracle final tau=0.1	0.4093351869	0.8359784932299068
B	inner_valid	LA	Soft-Oracle final tau=0.2	0.4440435014	0.815864260740893
B	inner_valid	LV	Equal Teacher	0.525837683	0.7542331949778861
B	inner_valid	LV	Hard select-one Oracle	0.3716700577	NA
B	inner_valid	LV	Fixed Teacher l2=0.0	0.5257488465	0.7541434762528226
B	inner_valid	LV	Fixed Teacher l2=0.001	0.5257619583	0.754155813895331
B	inner_valid	LV	Fixed Teacher l2=0.01	0.525777734	0.7542679855777912
B	inner_valid	LV	Soft-Oracle final tau=0.02	0.3721012934	0.8561826317640232
B	inner_valid	LV	Soft-Oracle final tau=0.05	0.381785018	0.8508058886276127
B	inner_valid	LV	Soft-Oracle final tau=0.1	0.4054012589	0.838592009324621
B	inner_valid	LV	Soft-Oracle final tau=0.2	0.4402223964	0.8186030296571049
B	inner_valid	L	Equal Teacher	0.5289482487	0.7516756508686215
B	inner_valid	L	Hard select-one Oracle	0.3765949039	NA
B	inner_valid	L	Fixed Teacher l2=0.0	0.5292849769	0.750925655402525
B	inner_valid	L	Fixed Teacher l2=0.001	0.5293016084	0.7509428297096864
B	inner_valid	L	Fixed Teacher l2=0.01	0.5293102912	0.7511209859464171
B	inner_valid	L	Soft-Oracle final tau=0.02	0.3768230465	0.8540334921039986
B	inner_valid	L	Soft-Oracle final tau=0.05	0.386613224	0.8486467406799733
B	inner_valid	L	Soft-Oracle final tau=0.1	0.4096960685	0.8364174344159295
B	inner_valid	L	Soft-Oracle final tau=0.2	0.4441793137	0.8162641767886053
B	inner_valid	Overall	Equal Teacher	0.5274988459	0.7528422971934176
B	inner_valid	Overall	Hard select-one Oracle	0.3736829021	NA
B	inner_valid	Overall	Fixed Teacher l2=0.0	0.5277091941	0.7523726015663555
B	inner_valid	Overall	Fixed Teacher l2=0.001	0.5277132291	0.752394175544685
B	inner_valid	Overall	Fixed Teacher l2=0.01	0.5276792781	0.7525705479373563
B	inner_valid	Overall	Soft-Oracle final tau=0.02	0.3738539101	0.8549918341956645
B	inner_valid	Overall	Soft-Oracle final tau=0.05	0.3836980805	0.8496175748370329
B	inner_valid	Overall	Soft-Oracle final tau=0.1	0.4070433796	0.8374157330823895
B	inner_valid	Overall	Soft-Oracle final tau=0.2	0.4418792031	0.8173614558789525
