train_index,sample_id,video_id,outer_fold,judge_fold,inner_valid_outer0,inner_valid_outer1,inner_valid_outer2,inner_valid_outer3,inner_valid_outer4
0,03bSnISJMiM$_$11,03bSnISJMiM,0,1,0,0,0,0,0
1,03bSnISJMiM$_$10,03bSnISJMiM,0,1,0,0,0,0,0
2,03bSnISJMiM$_$13,03bSnISJMiM,0,1,0,0,0,0,0
3,03bSnISJMiM$_$12,03bSnISJMiM,0,1,0,0,0,0,0
4,03bSnISJMiM$_$1,03bSnISJMiM,0,1,0,0,0,0,0
5,03bSnISJMiM$_$3,03bSnISJMiM,0,1,0,0,0,0,0
6,03bSnISJMiM$_$2,03bSnISJMiM,0,1,0,0,0,0,0
7,03bSnISJMiM$_$5,03bSnISJMiM,0,1,0,0,0,0,0
8,03bSnISJMiM$_$4,03bSnISJMiM,0,1,0,0,0,0,0
9,03bSnISJMiM$_$7,03bSnISJMiM,0,1,0,0,0,0,0
10,03bSnISJMiM$_$6,03bSnISJMiM,0,1,0,0,0,0,0
11,03bSnISJMiM$_$9,03bSnISJMiM,0,1,0,0,0,0,0
12,03bSnISJMiM$_$8,03bSnISJMiM,0,1,0,0,0,0,0
13,0h-zjBukYpk$_$24,0h-zjBukYpk,2,1,0,0,0,0,0
14,0h-zjBukYpk$_$25,0h-zjBukYpk,2,1,0,0,0,0,0
15,0h-zjBukYpk$_$20,0h-zjBukYpk,2,1,0,0,0,0,0
16,0h-zjBukYpk$_$21,0h-zjBukYpk,2,1,0,0,0,0,0
17,0h-zjBukYpk$_$22,0h-zjBukYpk,2,1,0,0,0,0,0
18,0h-zjBukYpk$_$23,0h-zjBukYpk,2,1,0,0,0,0,0
19,0h-zjBukYpk$_$1,0h-zjBukYpk,2,1,0,0,0,0,0
20,0h-zjBukYpk$_$3,0h-zjBukYpk,2,1,0,0,0,0,0
21,0h-zjBukYpk$_$2,0h-zjBukYpk,2,1,0,0,0,0,0
22,0h-zjBukYpk$_$5,0h-zjBukYpk,2,1,0,0,0,0,0
23,0h-zjBukYpk$_$4,0h-zjBukYpk,2,1,0,0,0,0,0
24,0h-zjBukYpk$_$7,0h-zjBukYpk,2,1,0,0,0,0,0
25,0h-zjBukYpk$_$6,0h-zjBukYpk,2,1,0,0,0,0,0
26,0h-zjBukYpk$_$9,0h-zjBukYpk,2,1,0,0,0,0,0
27,0h-zjBukYpk$_$8,0h-zjBukYpk,2,1,0,0,0,0,0
28,0h-zjBukYpk$_$11,0h-zjBukYpk,2,1,0,0,0,0,0
29,0h-zjBukYpk$_$10,0h-zjBukYpk,2,1,0,0,0,0,0
30,0h-zjBukYpk$_$13,0h-zjBukYpk,2,1,0,0,0,0,0
31,0h-zjBukYpk$_$12,0h-zjBukYpk,2,1,0,0,0,0,0
32,0h-zjBukYpk$_$15,0h-zjBukYpk,2,1,0,0,0,0,0
33,0h-zjBukYpk$_$14,0h-zjBukYpk,2,1,0,0,0,0,0
34,0h-zjBukYpk$_$17,0h-zjBukYpk,2,1,0,0,0,0,0
35,0h-zjBukYpk$_$16,0h-zjBukYpk,2,1,0,0,0,0,0
36,0h-zjBukYpk$_$19,0h-zjBukYpk,2,1,0,0,0,0,0
37,0h-zjBukYpk$_$18,0h-zjBukYpk,2,1,0,0,0,0,0
38,1DmNV9C1hbY$_$11,1DmNV9C1hbY,3,1,1,0,0,0,0
39,1DmNV9C1hbY$_$10,1DmNV9C1hbY,3,1,1,0,0,0,0
40,1DmNV9C1hbY$_$13,1DmNV9C1hbY,3,1,1,0,0,0,0
41,1DmNV9C1hbY$_$12,1DmNV9C1hbY,3,1,1,0,0,0,0
42,1DmNV9C1hbY$_$14,1DmNV9C1hbY,3,1,1,0,0,0,0
43,1DmNV9C1hbY$_$1,1DmNV9C1hbY,3,1,1,0,0,0,0
44,1DmNV9C1hbY$_$3,1DmNV9C1hbY,3,1,1,0,0,0,0
45,1DmNV9C1hbY$_$2,1DmNV9C1hbY,3,1,1,0,0,0,0
46,1DmNV9C1hbY$_$5,1DmNV9C1hbY,3,1,1,0,0,0,0
47,1DmNV9C1hbY$_$4,1DmNV9C1hbY,3,1,1,0,0,0,0
48,1DmNV9C1hbY$_$7,1DmNV9C1hbY,3,1,1,0,0,0,0
49,1DmNV9C1hbY$_$6,1DmNV9C1hbY,3,1,1,0,0,0,0
50,1DmNV9C1hbY$_$9,1DmNV9C1hbY,3,1,1,0,0,0,0
51,1DmNV9C1hbY$_$8,1DmNV9C1hbY,3,1,1,0,0,0,0
52,1iG0909rllw$_$24,1iG0909rllw,0,1,0,0,0,1,0
53,1iG0909rllw$_$25,1iG0909rllw,0,1,0,0,0,1,0
54,1iG0909rllw$_$26,1iG0909rllw,0,1,0,0,0,1,0
55,1iG0909rllw$_$27,1iG0909rllw,0,1,0,0,0,1,0
56,1iG0909rllw$_$20,1iG0909rllw,0,1,0,0,0,1,0
57,1iG0909rllw$_$21,1iG0909rllw,0,1,0,0,0,1,0
58,1iG0909rllw$_$22,1iG0909rllw,0,1,0,0,0,1,0
59,1iG0909rllw$_$23,1iG0909rllw,0,1,0,0,0,1,0
60,1iG0909rllw$_$28,1iG0909rllw,0,1,0,0,0,1,0
61,1iG0909rllw$_$29,1iG0909rllw,0,1,0,0,0,1,0
62,1iG0909rllw$_$1,1iG0909rllw,0,1,0,0,0,1,0
63,1iG0909rllw$_$3,1iG0909rllw,0,1,0,0,0,1,0
64,1iG0909rllw$_$2,1iG0909rllw,0,1,0,0,0,1,0
65,1iG0909rllw$_$5,1iG0909rllw,0,1,0,0,0,1,0
66,1iG0909rllw$_$4,1iG0909rllw,0,1,0,0,0,1,0
67,1iG0909rllw$_$7,1iG0909rllw,0,1,0,0,0,1,0
68,1iG0909rllw$_$6,1iG0909rllw,0,1,0,0,0,1,0
69,1iG0909rllw$_$9,1iG0909rllw,0,1,0,0,0,1,0
70,1iG0909rllw$_$8,1iG0909rllw,0,1,0,0,0,1,0
71,1iG0909rllw$_$11,1iG0909rllw,0,1,0,0,0,1,0
72,1iG0909rllw$_$10,1iG0909rllw,0,1,0,0,0,1,0
73,1iG0909rllw$_$13,1iG0909rllw,0,1,0,0,0,1,0
74,1iG0909rllw$_$12,1iG0909rllw,0,1,0,0,0,1,0
75,1iG0909rllw$_$15,1iG0909rllw,0,1,0,0,0,1,0
76,1iG0909rllw$_$14,1iG0909rllw,0,1,0,0,0,1,0
77,1iG0909rllw$_$17,1iG0909rllw,0,1,0,0,0,1,0
78,1iG0909rllw$_$16,1iG0909rllw,0,1,0,0,0,1,0
79,1iG0909rllw$_$19,1iG0909rllw,0,1,0,0,0,1,0
80,1iG0909rllw$_$18,1iG0909rllw,0,1,0,0,0,1,0
81,1iG0909rllw$_$30,1iG0909rllw,0,1,0,0,0,1,0
82,2WGyTLYerpo$_$56,2WGyTLYerpo,3,1,0,0,0,1,0
83,2WGyTLYerpo$_$54,2WGyTLYerpo,3,1,0,0,0,1,0
84,2WGyTLYerpo$_$42,2WGyTLYerpo,3,1,0,0,0,1,0
85,2WGyTLYerpo$_$48,2WGyTLYerpo,3,1,0,0,0,1,0
86,2WGyTLYerpo$_$43,2WGyTLYerpo,3,1,0,0,0,1,0
87,2WGyTLYerpo$_$60,2WGyTLYerpo,3,1,0,0,0,1,0
88,2WGyTLYerpo$_$61,2WGyTLYerpo,3,1,0,0,0,1,0
89,2WGyTLYerpo$_$62,2WGyTLYerpo,3,1,0,0,0,1,0
90,2WGyTLYerpo$_$63,2WGyTLYerpo,3,1,0,0,0,1,0
91,2WGyTLYerpo$_$49,2WGyTLYerpo,3,1,0,0,0,1,0
92,2WGyTLYerpo$_$52,2WGyTLYerpo,3,1,0,0,0,1,0
93,2WGyTLYerpo$_$53,2WGyTLYerpo,3,1,0,0,0,1,0
94,2WGyTLYerpo$_$24,2WGyTLYerpo,3,1,0,0,0,1,0
95,2WGyTLYerpo$_$25,2WGyTLYerpo,3,1,0,0,0,1,0
96,2WGyTLYerpo$_$26,2WGyTLYerpo,3,1,0,0,0,1,0
97,2WGyTLYerpo$_$27,2WGyTLYerpo,3,1,0,0,0,1,0
98,2WGyTLYerpo$_$20,2WGyTLYerpo,3,1,0,0,0,1,0
99,2WGyTLYerpo$_$21,2WGyTLYerpo,3,1,0,0,0,1,0
100,2WGyTLYerpo$_$22,2WGyTLYerpo,3,1,0,0,0,1,0
101,2WGyTLYerpo$_$23,2WGyTLYerpo,3,1,0,0,0,1,0
102,2WGyTLYerpo$_$46,2WGyTLYerpo,3,1,0,0,0,1,0
103,2WGyTLYerpo$_$47,2WGyTLYerpo,3,1,0,0,0,1,0
104,2WGyTLYerpo$_$44,2WGyTLYerpo,3,1,0,0,0,1,0
105,2WGyTLYerpo$_$45,2WGyTLYerpo,3,1,0,0,0,1,0
106,2WGyTLYerpo$_$28,2WGyTLYerpo,3,1,0,0,0,1,0
107,2WGyTLYerpo$_$29,2WGyTLYerpo,3,1,0,0,0,1,0
108,2WGyTLYerpo$_$40,2WGyTLYerpo,3,1,0,0,0,1,0
109,2WGyTLYerpo$_$41,2WGyTLYerpo,3,1,0,0,0,1,0
110,2WGyTLYerpo$_$1,2WGyTLYerpo,3,1,0,0,0,1,0
111,2WGyTLYerpo$_$3,2WGyTLYerpo,3,1,0,0,0,1,0
112,2WGyTLYerpo$_$2,2WGyTLYerpo,3,1,0,0,0,1,0
113,2WGyTLYerpo$_$5,2WGyTLYerpo,3,1,0,0,0,1,0
114,2WGyTLYerpo$_$4,2WGyTLYerpo,3,1,0,0,0,1,0
115,2WGyTLYerpo$_$7,2WGyTLYerpo,3,1,0,0,0,1,0
116,2WGyTLYerpo$_$6,2WGyTLYerpo,3,1,0,0,0,1,0
117,2WGyTLYerpo$_$9,2WGyTLYerpo,3,1,0,0,0,1,0
118,2WGyTLYerpo$_$8,2WGyTLYerpo,3,1,0,0,0,1,0
119,2WGyTLYerpo$_$51,2WGyTLYerpo,3,1,0,0,0,1,0
120,2WGyTLYerpo$_$39,2WGyTLYerpo,3,1,0,0,0,1,0
121,2WGyTLYerpo$_$38,2WGyTLYerpo,3,1,0,0,0,1,0
122,2WGyTLYerpo$_$59,2WGyTLYerpo,3,1,0,0,0,1,0
123,2WGyTLYerpo$_$58,2WGyTLYerpo,3,1,0,0,0,1,0
124,2WGyTLYerpo$_$11,2WGyTLYerpo,3,1,0,0,0,1,0
125,2WGyTLYerpo$_$10,2WGyTLYerpo,3,1,0,0,0,1,0
126,2WGyTLYerpo$_$13,2WGyTLYerpo,3,1,0,0,0,1,0
127,2WGyTLYerpo$_$12,2WGyTLYerpo,3,1,0,0,0,1,0
128,2WGyTLYerpo$_$15,2WGyTLYerpo,3,1,0,0,0,1,0
129,2WGyTLYerpo$_$14,2WGyTLYerpo,3,1,0,0,0,1,0
130,2WGyTLYerpo$_$17,2WGyTLYerpo,3,1,0,0,0,1,0
131,2WGyTLYerpo$_$16,2WGyTLYerpo,3,1,0,0,0,1,0
132,2WGyTLYerpo$_$19,2WGyTLYerpo,3,1,0,0,0,1,0
133,2WGyTLYerpo$_$18,2WGyTLYerpo,3,1,0,0,0,1,0
134,2WGyTLYerpo$_$31,2WGyTLYerpo,3,1,0,0,0,1,0
135,2WGyTLYerpo$_$30,2WGyTLYerpo,3,1,0,0,0,1,0
136,2WGyTLYerpo$_$37,2WGyTLYerpo,3,1,0,0,0,1,0
137,2WGyTLYerpo$_$36,2WGyTLYerpo,3,1,0,0,0,1,0
138,2WGyTLYerpo$_$35,2WGyTLYerpo,3,1,0,0,0,1,0
139,2WGyTLYerpo$_$34,2WGyTLYerpo,3,1,0,0,0,1,0
140,2WGyTLYerpo$_$33,2WGyTLYerpo,3,1,0,0,0,1,0
141,2WGyTLYerpo$_$55,2WGyTLYerpo,3,1,0,0,0,1,0
142,2WGyTLYerpo$_$32,2WGyTLYerpo,3,1,0,0,0,1,0
143,2WGyTLYerpo$_$57,2WGyTLYerpo,3,1,0,0,0,1,0
144,2WGyTLYerpo$_$50,2WGyTLYerpo,3,1,0,0,0,1,0
145,2iD-tVS8NPw$_$24,2iD-tVS8NPw,1,1,0,0,0,0,0
146,2iD-tVS8NPw$_$25,2iD-tVS8NPw,1,1,0,0,0,0,0
147,2iD-tVS8NPw$_$26,2iD-tVS8NPw,1,1,0,0,0,0,0
148,2iD-tVS8NPw$_$27,2iD-tVS8NPw,1,1,0,0,0,0,0
149,2iD-tVS8NPw$_$20,2iD-tVS8NPw,1,1,0,0,0,0,0
150,2iD-tVS8NPw$_$21,2iD-tVS8NPw,1,1,0,0,0,0,0
151,2iD-tVS8NPw$_$22,2iD-tVS8NPw,1,1,0,0,0,0,0
152,2iD-tVS8NPw$_$23,2iD-tVS8NPw,1,1,0,0,0,0,0
153,2iD-tVS8NPw$_$28,2iD-tVS8NPw,1,1,0,0,0,0,0
154,2iD-tVS8NPw$_$29,2iD-tVS8NPw,1,1,0,0,0,0,0
155,2iD-tVS8NPw$_$1,2iD-tVS8NPw,1,1,0,0,0,0,0
156,2iD-tVS8NPw$_$3,2iD-tVS8NPw,1,1,0,0,0,0,0
157,2iD-tVS8NPw$_$2,2iD-tVS8NPw,1,1,0,0,0,0,0
158,2iD-tVS8NPw$_$5,2iD-tVS8NPw,1,1,0,0,0,0,0
159,2iD-tVS8NPw$_$4,2iD-tVS8NPw,1,1,0,0,0,0,0
160,2iD-tVS8NPw$_$7,2iD-tVS8NPw,1,1,0,0,0,0,0
161,2iD-tVS8NPw$_$6,2iD-tVS8NPw,1,1,0,0,0,0,0
162,2iD-tVS8NPw$_$9,2iD-tVS8NPw,1,1,0,0,0,0,0
163,2iD-tVS8NPw$_$8,2iD-tVS8NPw,1,1,0,0,0,0,0
164,2iD-tVS8NPw$_$11,2iD-tVS8NPw,1,1,0,0,0,0,0
165,2iD-tVS8NPw$_$10,2iD-tVS8NPw,1,1,0,0,0,0,0
166,2iD-tVS8NPw$_$13,2iD-tVS8NPw,1,1,0,0,0,0,0
167,2iD-tVS8NPw$_$12,2iD-tVS8NPw,1,1,0,0,0,0,0
168,2iD-tVS8NPw$_$15,2iD-tVS8NPw,1,1,0,0,0,0,0
169,2iD-tVS8NPw$_$14,2iD-tVS8NPw,1,1,0,0,0,0,0
170,2iD-tVS8NPw$_$17,2iD-tVS8NPw,1,1,0,0,0,0,0
171,2iD-tVS8NPw$_$16,2iD-tVS8NPw,1,1,0,0,0,0,0
172,2iD-tVS8NPw$_$19,2iD-tVS8NPw,1,1,0,0,0,0,0
173,2iD-tVS8NPw$_$18,2iD-tVS8NPw,1,1,0,0,0,0,0
174,2iD-tVS8NPw$_$30,2iD-tVS8NPw,1,1,0,0,0,0,0
175,5W7Z1C_fDaE$_$24,5W7Z1C_fDaE,0,1,0,0,1,1,0
176,5W7Z1C_fDaE$_$20,5W7Z1C_fDaE,0,1,0,0,1,1,0
177,5W7Z1C_fDaE$_$21,5W7Z1C_fDaE,0,1,0,0,1,1,0
178,5W7Z1C_fDaE$_$22,5W7Z1C_fDaE,0,1,0,0,1,1,0
179,5W7Z1C_fDaE$_$23,5W7Z1C_fDaE,0,1,0,0,1,1,0
180,5W7Z1C_fDaE$_$1,5W7Z1C_fDaE,0,1,0,0,1,1,0
181,5W7Z1C_fDaE$_$3,5W7Z1C_fDaE,0,1,0,0,1,1,0
182,5W7Z1C_fDaE$_$2,5W7Z1C_fDaE,0,1,0,0,1,1,0
183,5W7Z1C_fDaE$_$5,5W7Z1C_fDaE,0,1,0,0,1,1,0
184,5W7Z1C_fDaE$_$4,5W7Z1C_fDaE,0,1,0,0,1,1,0
185,5W7Z1C_fDaE$_$7,5W7Z1C_fDaE,0,1,0,0,1,1,0
186,5W7Z1C_fDaE$_$6,5W7Z1C_fDaE,0,1,0,0,1,1,0
187,5W7Z1C_fDaE$_$9,5W7Z1C_fDaE,0,1,0,0,1,1,0
188,5W7Z1C_fDaE$_$8,5W7Z1C_fDaE,0,1,0,0,1,1,0
189,5W7Z1C_fDaE$_$11,5W7Z1C_fDaE,0,1,0,0,1,1,0
190,5W7Z1C_fDaE$_$10,5W7Z1C_fDaE,0,1,0,0,1,1,0
191,5W7Z1C_fDaE$_$13,5W7Z1C_fDaE,0,1,0,0,1,1,0
192,5W7Z1C_fDaE$_$12,5W7Z1C_fDaE,0,1,0,0,1,1,0
193,5W7Z1C_fDaE$_$15,5W7Z1C_fDaE,0,1,0,0,1,1,0
194,5W7Z1C_fDaE$_$14,5W7Z1C_fDaE,0,1,0,0,1,1,0
195,5W7Z1C_fDaE$_$17,5W7Z1C_fDaE,0,1,0,0,1,1,0
196,5W7Z1C_fDaE$_$16,5W7Z1C_fDaE,0,1,0,0,1,1,0
197,5W7Z1C_fDaE$_$19,5W7Z1C_fDaE,0,1,0,0,1,1,0
198,5W7Z1C_fDaE$_$18,5W7Z1C_fDaE,0,1,0,0,1,1,0
199,6Egk_28TtTM$_$11,6Egk_28TtTM,0,0,0,0,0,0,0
200,6Egk_28TtTM$_$10,6Egk_28TtTM,0,0,0,0,0,0,0
201,6Egk_28TtTM$_$12,6Egk_28TtTM,0,0,0,0,0,0,0
202,6Egk_28TtTM$_$1,6Egk_28TtTM,0,0,0,0,0,0,0
203,6Egk_28TtTM$_$3,6Egk_28TtTM,0,0,0,0,0,0,0
204,6Egk_28TtTM$_$2,6Egk_28TtTM,0,0,0,0,0,0,0
205,6Egk_28TtTM$_$5,6Egk_28TtTM,0,0,0,0,0,0,0
206,6Egk_28TtTM$_$4,6Egk_28TtTM,0,0,0,0,0,0,0
207,6Egk_28TtTM$_$7,6Egk_28TtTM,0,0,0,0,0,0,0
208,6Egk_28TtTM$_$6,6Egk_28TtTM,0,0,0,0,0,0,0
209,6Egk_28TtTM$_$9,6Egk_28TtTM,0,0,0,0,0,0,0
210,6Egk_28TtTM$_$8,6Egk_28TtTM,0,0,0,0,0,0,0
211,6_0THN4chvY$_$11,6_0THN4chvY,1,1,0,0,0,0,0
212,6_0THN4chvY$_$10,6_0THN4chvY,1,1,0,0,0,0,0
213,6_0THN4chvY$_$13,6_0THN4chvY,1,1,0,0,0,0,0
214,6_0THN4chvY$_$12,6_0THN4chvY,1,1,0,0,0,0,0
215,6_0THN4chvY$_$14,6_0THN4chvY,1,1,0,0,0,0,0
216,6_0THN4chvY$_$1,6_0THN4chvY,1,1,0,0,0,0,0
217,6_0THN4chvY$_$3,6_0THN4chvY,1,1,0,0,0,0,0
218,6_0THN4chvY$_$2,6_0THN4chvY,1,1,0,0,0,0,0
219,6_0THN4chvY$_$5,6_0THN4chvY,1,1,0,0,0,0,0
220,6_0THN4chvY$_$4,6_0THN4chvY,1,1,0,0,0,0,0
221,6_0THN4chvY$_$7,6_0THN4chvY,1,1,0,0,0,0,0
222,6_0THN4chvY$_$6,6_0THN4chvY,1,1,0,0,0,0,0
223,6_0THN4chvY$_$9,6_0THN4chvY,1,1,0,0,0,0,0
224,6_0THN4chvY$_$8,6_0THN4chvY,1,1,0,0,0,0,0
225,73jzhE8R1TQ$_$11,73jzhE8R1TQ,2,1,0,0,0,0,0
226,73jzhE8R1TQ$_$10,73jzhE8R1TQ,2,1,0,0,0,0,0
227,73jzhE8R1TQ$_$13,73jzhE8R1TQ,2,1,0,0,0,0,0
228,73jzhE8R1TQ$_$12,73jzhE8R1TQ,2,1,0,0,0,0,0
229,73jzhE8R1TQ$_$15,73jzhE8R1TQ,2,1,0,0,0,0,0
230,73jzhE8R1TQ$_$14,73jzhE8R1TQ,2,1,0,0,0,0,0
231,73jzhE8R1TQ$_$17,73jzhE8R1TQ,2,1,0,0,0,0,0
232,73jzhE8R1TQ$_$16,73jzhE8R1TQ,2,1,0,0,0,0,0
233,73jzhE8R1TQ$_$19,73jzhE8R1TQ,2,1,0,0,0,0,0
234,73jzhE8R1TQ$_$18,73jzhE8R1TQ,2,1,0,0,0,0,0
235,73jzhE8R1TQ$_$1,73jzhE8R1TQ,2,1,0,0,0,0,0
236,73jzhE8R1TQ$_$3,73jzhE8R1TQ,2,1,0,0,0,0,0
237,73jzhE8R1TQ$_$2,73jzhE8R1TQ,2,1,0,0,0,0,0
238,73jzhE8R1TQ$_$5,73jzhE8R1TQ,2,1,0,0,0,0,0
239,73jzhE8R1TQ$_$4,73jzhE8R1TQ,2,1,0,0,0,0,0
240,73jzhE8R1TQ$_$7,73jzhE8R1TQ,2,1,0,0,0,0,0
241,73jzhE8R1TQ$_$6,73jzhE8R1TQ,2,1,0,0,0,0,0
242,73jzhE8R1TQ$_$9,73jzhE8R1TQ,2,1,0,0,0,0,0
243,73jzhE8R1TQ$_$8,73jzhE8R1TQ,2,1,0,0,0,0,0
244,7JsX8y1ysxY$_$24,7JsX8y1ysxY,4,1,0,0,1,0,0
245,7JsX8y1ysxY$_$25,7JsX8y1ysxY,4,1,0,0,1,0,0
246,7JsX8y1ysxY$_$26,7JsX8y1ysxY,4,1,0,0,1,0,0
247,7JsX8y1ysxY$_$27,7JsX8y1ysxY,4,1,0,0,1,0,0
248,7JsX8y1ysxY$_$20,7JsX8y1ysxY,4,1,0,0,1,0,0
249,7JsX8y1ysxY$_$21,7JsX8y1ysxY,4,1,0,0,1,0,0
250,7JsX8y1ysxY$_$22,7JsX8y1ysxY,4,1,0,0,1,0,0
251,7JsX8y1ysxY$_$23,7JsX8y1ysxY,4,1,0,0,1,0,0
252,7JsX8y1ysxY$_$28,7JsX8y1ysxY,4,1,0,0,1,0,0
253,7JsX8y1ysxY$_$29,7JsX8y1ysxY,4,1,0,0,1,0,0
254,7JsX8y1ysxY$_$1,7JsX8y1ysxY,4,1,0,0,1,0,0
255,7JsX8y1ysxY$_$3,7JsX8y1ysxY,4,1,0,0,1,0,0
256,7JsX8y1ysxY$_$2,7JsX8y1ysxY,4,1,0,0,1,0,0
257,7JsX8y1ysxY$_$5,7JsX8y1ysxY,4,1,0,0,1,0,0
258,7JsX8y1ysxY$_$4,7JsX8y1ysxY,4,1,0,0,1,0,0
259,7JsX8y1ysxY$_$7,7JsX8y1ysxY,4,1,0,0,1,0,0
260,7JsX8y1ysxY$_$6,7JsX8y1ysxY,4,1,0,0,1,0,0
261,7JsX8y1ysxY$_$9,7JsX8y1ysxY,4,1,0,0,1,0,0
262,7JsX8y1ysxY$_$8,7JsX8y1ysxY,4,1,0,0,1,0,0
263,7JsX8y1ysxY$_$39,7JsX8y1ysxY,4,1,0,0,1,0,0
264,7JsX8y1ysxY$_$38,7JsX8y1ysxY,4,1,0,0,1,0,0
265,7JsX8y1ysxY$_$11,7JsX8y1ysxY,4,1,0,0,1,0,0
266,7JsX8y1ysxY$_$10,7JsX8y1ysxY,4,1,0,0,1,0,0
267,7JsX8y1ysxY$_$13,7JsX8y1ysxY,4,1,0,0,1,0,0
268,7JsX8y1ysxY$_$12,7JsX8y1ysxY,4,1,0,0,1,0,0
269,7JsX8y1ysxY$_$15,7JsX8y1ysxY,4,1,0,0,1,0,0
270,7JsX8y1ysxY$_$14,7JsX8y1ysxY,4,1,0,0,1,0,0
271,7JsX8y1ysxY$_$17,7JsX8y1ysxY,4,1,0,0,1,0,0
272,7JsX8y1ysxY$_$16,7JsX8y1ysxY,4,1,0,0,1,0,0
273,7JsX8y1ysxY$_$19,7JsX8y1ysxY,4,1,0,0,1,0,0
274,7JsX8y1ysxY$_$18,7JsX8y1ysxY,4,1,0,0,1,0,0
275,7JsX8y1ysxY$_$31,7JsX8y1ysxY,4,1,0,0,1,0,0
276,7JsX8y1ysxY$_$30,7JsX8y1ysxY,4,1,0,0,1,0,0
277,7JsX8y1ysxY$_$37,7JsX8y1ysxY,4,1,0,0,1,0,0
278,7JsX8y1ysxY$_$36,7JsX8y1ysxY,4,1,0,0,1,0,0
279,7JsX8y1ysxY$_$35,7JsX8y1ysxY,4,1,0,0,1,0,0
280,7JsX8y1ysxY$_$34,7JsX8y1ysxY,4,1,0,0,1,0,0
281,7JsX8y1ysxY$_$33,7JsX8y1ysxY,4,1,0,0,1,0,0
282,7JsX8y1ysxY$_$32,7JsX8y1ysxY,4,1,0,0,1,0,0
283,8OtFthrtaJM$_$20,8OtFthrtaJM,3,0,0,0,1,0,0
284,8OtFthrtaJM$_$21,8OtFthrtaJM,3,0,0,0,1,0,0
285,8OtFthrtaJM$_$22,8OtFthrtaJM,3,0,0,0,1,0,0
286,8OtFthrtaJM$_$23,8OtFthrtaJM,3,0,0,0,1,0,0
287,8OtFthrtaJM$_$1,8OtFthrtaJM,3,0,0,0,1,0,0
288,8OtFthrtaJM$_$3,8OtFthrtaJM,3,0,0,0,1,0,0
289,8OtFthrtaJM$_$2,8OtFthrtaJM,3,0,0,0,1,0,0
290,8OtFthrtaJM$_$5,8OtFthrtaJM,3,0,0,0,1,0,0
291,8OtFthrtaJM$_$4,8OtFthrtaJM,3,0,0,0,1,0,0
292,8OtFthrtaJM$_$7,8OtFthrtaJM,3,0,0,0,1,0,0
293,8OtFthrtaJM$_$6,8OtFthrtaJM,3,0,0,0,1,0,0
294,8OtFthrtaJM$_$9,8OtFthrtaJM,3,0,0,0,1,0,0
295,8OtFthrtaJM$_$8,8OtFthrtaJM,3,0,0,0,1,0,0
296,8OtFthrtaJM$_$11,8OtFthrtaJM,3,0,0,0,1,0,0
297,8OtFthrtaJM$_$10,8OtFthrtaJM,3,0,0,0,1,0,0
298,8OtFthrtaJM$_$13,8OtFthrtaJM,3,0,0,0,1,0,0
299,8OtFthrtaJM$_$12,8OtFthrtaJM,3,0,0,0,1,0,0
300,8OtFthrtaJM$_$15,8OtFthrtaJM,3,0,0,0,1,0,0
301,8OtFthrtaJM$_$14,8OtFthrtaJM,3,0,0,0,1,0,0
302,8OtFthrtaJM$_$17,8OtFthrtaJM,3,0,0,0,1,0,0
303,8OtFthrtaJM$_$16,8OtFthrtaJM,3,0,0,0,1,0,0
304,8OtFthrtaJM$_$19,8OtFthrtaJM,3,0,0,0,1,0,0
305,8OtFthrtaJM$_$18,8OtFthrtaJM,3,0,0,0,1,0,0
306,8d-gEyoeBzc$_$24,8d-gEyoeBzc,3,0,0,0,0,0,0
307,8d-gEyoeBzc$_$25,8d-gEyoeBzc,3,0,0,0,0,0,0
308,8d-gEyoeBzc$_$26,8d-gEyoeBzc,3,0,0,0,0,0,0
309,8d-gEyoeBzc$_$27,8d-gEyoeBzc,3,0,0,0,0,0,0
310,8d-gEyoeBzc$_$20,8d-gEyoeBzc,3,0,0,0,0,0,0
311,8d-gEyoeBzc$_$21,8d-gEyoeBzc,3,0,0,0,0,0,0
312,8d-gEyoeBzc$_$22,8d-gEyoeBzc,3,0,0,0,0,0,0
313,8d-gEyoeBzc$_$23,8d-gEyoeBzc,3,0,0,0,0,0,0
314,8d-gEyoeBzc$_$28,8d-gEyoeBzc,3,0,0,0,0,0,0
315,8d-gEyoeBzc$_$29,8d-gEyoeBzc,3,0,0,0,0,0,0
316,8d-gEyoeBzc$_$1,8d-gEyoeBzc,3,0,0,0,0,0,0
317,8d-gEyoeBzc$_$3,8d-gEyoeBzc,3,0,0,0,0,0,0
318,8d-gEyoeBzc$_$2,8d-gEyoeBzc,3,0,0,0,0,0,0
319,8d-gEyoeBzc$_$5,8d-gEyoeBzc,3,0,0,0,0,0,0
320,8d-gEyoeBzc$_$4,8d-gEyoeBzc,3,0,0,0,0,0,0
321,8d-gEyoeBzc$_$7,8d-gEyoeBzc,3,0,0,0,0,0,0
322,8d-gEyoeBzc$_$6,8d-gEyoeBzc,3,0,0,0,0,0,0
323,8d-gEyoeBzc$_$9,8d-gEyoeBzc,3,0,0,0,0,0,0
324,8d-gEyoeBzc$_$8,8d-gEyoeBzc,3,0,0,0,0,0,0
325,8d-gEyoeBzc$_$11,8d-gEyoeBzc,3,0,0,0,0,0,0
326,8d-gEyoeBzc$_$10,8d-gEyoeBzc,3,0,0,0,0,0,0
327,8d-gEyoeBzc$_$13,8d-gEyoeBzc,3,0,0,0,0,0,0
328,8d-gEyoeBzc$_$12,8d-gEyoeBzc,3,0,0,0,0,0,0
329,8d-gEyoeBzc$_$15,8d-gEyoeBzc,3,0,0,0,0,0,0
330,8d-gEyoeBzc$_$14,8d-gEyoeBzc,3,0,0,0,0,0,0
331,8d-gEyoeBzc$_$17,8d-gEyoeBzc,3,0,0,0,0,0,0
332,8d-gEyoeBzc$_$16,8d-gEyoeBzc,3,0,0,0,0,0,0
333,8d-gEyoeBzc$_$19,8d-gEyoeBzc,3,0,0,0,0,0,0
334,8d-gEyoeBzc$_$18,8d-gEyoeBzc,3,0,0,0,0,0,0
335,8d-gEyoeBzc$_$30,8d-gEyoeBzc,3,0,0,0,0,0,0
336,8qrpnFRGt2A$_$24,8qrpnFRGt2A,3,0,0,0,0,0,1
337,8qrpnFRGt2A$_$25,8qrpnFRGt2A,3,0,0,0,0,0,1
338,8qrpnFRGt2A$_$26,8qrpnFRGt2A,3,0,0,0,0,0,1
339,8qrpnFRGt2A$_$20,8qrpnFRGt2A,3,0,0,0,0,0,1
340,8qrpnFRGt2A$_$21,8qrpnFRGt2A,3,0,0,0,0,0,1
341,8qrpnFRGt2A$_$22,8qrpnFRGt2A,3,0,0,0,0,0,1
342,8qrpnFRGt2A$_$23,8qrpnFRGt2A,3,0,0,0,0,0,1
343,8qrpnFRGt2A$_$1,8qrpnFRGt2A,3,0,0,0,0,0,1
344,8qrpnFRGt2A$_$3,8qrpnFRGt2A,3,0,0,0,0,0,1
345,8qrpnFRGt2A$_$2,8qrpnFRGt2A,3,0,0,0,0,0,1
346,8qrpnFRGt2A$_$5,8qrpnFRGt2A,3,0,0,0,0,0,1
347,8qrpnFRGt2A$_$4,8qrpnFRGt2A,3,0,0,0,0,0,1
348,8qrpnFRGt2A$_$7,8qrpnFRGt2A,3,0,0,0,0,0,1
349,8qrpnFRGt2A$_$6,8qrpnFRGt2A,3,0,0,0,0,0,1
350,8qrpnFRGt2A$_$9,8qrpnFRGt2A,3,0,0,0,0,0,1
351,8qrpnFRGt2A$_$8,8qrpnFRGt2A,3,0,0,0,0,0,1
352,8qrpnFRGt2A$_$11,8qrpnFRGt2A,3,0,0,0,0,0,1
353,8qrpnFRGt2A$_$10,8qrpnFRGt2A,3,0,0,0,0,0,1
354,8qrpnFRGt2A$_$13,8qrpnFRGt2A,3,0,0,0,0,0,1
355,8qrpnFRGt2A$_$12,8qrpnFRGt2A,3,0,0,0,0,0,1
356,8qrpnFRGt2A$_$15,8qrpnFRGt2A,3,0,0,0,0,0,1
357,8qrpnFRGt2A$_$14,8qrpnFRGt2A,3,0,0,0,0,0,1
358,8qrpnFRGt2A$_$17,8qrpnFRGt2A,3,0,0,0,0,0,1
359,8qrpnFRGt2A$_$16,8qrpnFRGt2A,3,0,0,0,0,0,1
360,8qrpnFRGt2A$_$19,8qrpnFRGt2A,3,0,0,0,0,0,1
361,8qrpnFRGt2A$_$18,8qrpnFRGt2A,3,0,0,0,0,0,1
362,9J25DZhivz8$_$24,9J25DZhivz8,1,0,0,0,0,0,0
363,9J25DZhivz8$_$25,9J25DZhivz8,1,0,0,0,0,0,0
364,9J25DZhivz8$_$20,9J25DZhivz8,1,0,0,0,0,0,0
365,9J25DZhivz8$_$21,9J25DZhivz8,1,0,0,0,0,0,0
366,9J25DZhivz8$_$22,9J25DZhivz8,1,0,0,0,0,0,0
367,9J25DZhivz8$_$23,9J25DZhivz8,1,0,0,0,0,0,0
368,9J25DZhivz8$_$1,9J25DZhivz8,1,0,0,0,0,0,0
369,9J25DZhivz8$_$3,9J25DZhivz8,1,0,0,0,0,0,0
370,9J25DZhivz8$_$2,9J25DZhivz8,1,0,0,0,0,0,0
371,9J25DZhivz8$_$5,9J25DZhivz8,1,0,0,0,0,0,0
372,9J25DZhivz8$_$4,9J25DZhivz8,1,0,0,0,0,0,0
373,9J25DZhivz8$_$7,9J25DZhivz8,1,0,0,0,0,0,0
374,9J25DZhivz8$_$6,9J25DZhivz8,1,0,0,0,0,0,0
375,9J25DZhivz8$_$9,9J25DZhivz8,1,0,0,0,0,0,0
376,9J25DZhivz8$_$8,9J25DZhivz8,1,0,0,0,0,0,0
377,9J25DZhivz8$_$11,9J25DZhivz8,1,0,0,0,0,0,0
378,9J25DZhivz8$_$10,9J25DZhivz8,1,0,0,0,0,0,0
379,9J25DZhivz8$_$13,9J25DZhivz8,1,0,0,0,0,0,0
380,9J25DZhivz8$_$12,9J25DZhivz8,1,0,0,0,0,0,0
381,9J25DZhivz8$_$15,9J25DZhivz8,1,0,0,0,0,0,0
382,9J25DZhivz8$_$14,9J25DZhivz8,1,0,0,0,0,0,0
383,9J25DZhivz8$_$17,9J25DZhivz8,1,0,0,0,0,0,0
384,9J25DZhivz8$_$16,9J25DZhivz8,1,0,0,0,0,0,0
385,9J25DZhivz8$_$19,9J25DZhivz8,1,0,0,0,0,0,0
386,9J25DZhivz8$_$18,9J25DZhivz8,1,0,0,0,0,0,0
387,9T9Hf74oK10$_$24,9T9Hf74oK10,1,1,0,0,1,0,0
388,9T9Hf74oK10$_$25,9T9Hf74oK10,1,1,0,0,1,0,0
389,9T9Hf74oK10$_$20,9T9Hf74oK10,1,1,0,0,1,0,0
390,9T9Hf74oK10$_$21,9T9Hf74oK10,1,1,0,0,1,0,0
391,9T9Hf74oK10$_$22,9T9Hf74oK10,1,1,0,0,1,0,0
392,9T9Hf74oK10$_$23,9T9Hf74oK10,1,1,0,0,1,0,0
393,9T9Hf74oK10$_$1,9T9Hf74oK10,1,1,0,0,1,0,0
394,9T9Hf74oK10$_$3,9T9Hf74oK10,1,1,0,0,1,0,0
395,9T9Hf74oK10$_$2,9T9Hf74oK10,1,1,0,0,1,0,0
396,9T9Hf74oK10$_$5,9T9Hf74oK10,1,1,0,0,1,0,0
397,9T9Hf74oK10$_$4,9T9Hf74oK10,1,1,0,0,1,0,0
398,9T9Hf74oK10$_$7,9T9Hf74oK10,1,1,0,0,1,0,0
399,9T9Hf74oK10$_$6,9T9Hf74oK10,1,1,0,0,1,0,0
400,9T9Hf74oK10$_$9,9T9Hf74oK10,1,1,0,0,1,0,0
401,9T9Hf74oK10$_$8,9T9Hf74oK10,1,1,0,0,1,0,0
402,9T9Hf74oK10$_$11,9T9Hf74oK10,1,1,0,0,1,0,0
403,9T9Hf74oK10$_$10,9T9Hf74oK10,1,1,0,0,1,0,0
404,9T9Hf74oK10$_$13,9T9Hf74oK10,1,1,0,0,1,0,0
405,9T9Hf74oK10$_$12,9T9Hf74oK10,1,1,0,0,1,0,0
406,9T9Hf74oK10$_$15,9T9Hf74oK10,1,1,0,0,1,0,0
407,9T9Hf74oK10$_$14,9T9Hf74oK10,1,1,0,0,1,0,0
408,9T9Hf74oK10$_$17,9T9Hf74oK10,1,1,0,0,1,0,0
409,9T9Hf74oK10$_$16,9T9Hf74oK10,1,1,0,0,1,0,0
410,9T9Hf74oK10$_$19,9T9Hf74oK10,1,1,0,0,1,0,0
411,9T9Hf74oK10$_$18,9T9Hf74oK10,1,1,0,0,1,0,0
412,9c67fiY0wGQ$_$11,9c67fiY0wGQ,3,0,1,0,0,0,0
413,9c67fiY0wGQ$_$10,9c67fiY0wGQ,3,0,1,0,0,0,0
414,9c67fiY0wGQ$_$12,9c67fiY0wGQ,3,0,1,0,0,0,0
415,9c67fiY0wGQ$_$1,9c67fiY0wGQ,3,0,1,0,0,0,0
416,9c67fiY0wGQ$_$3,9c67fiY0wGQ,3,0,1,0,0,0,0
417,9c67fiY0wGQ$_$2,9c67fiY0wGQ,3,0,1,0,0,0,0
418,9c67fiY0wGQ$_$5,9c67fiY0wGQ,3,0,1,0,0,0,0
419,9c67fiY0wGQ$_$4,9c67fiY0wGQ,3,0,1,0,0,0,0
420,9c67fiY0wGQ$_$7,9c67fiY0wGQ,3,0,1,0,0,0,0
421,9c67fiY0wGQ$_$6,9c67fiY0wGQ,3,0,1,0,0,0,0
422,9c67fiY0wGQ$_$9,9c67fiY0wGQ,3,0,1,0,0,0,0
423,9c67fiY0wGQ$_$8,9c67fiY0wGQ,3,0,1,0,0,0,0
424,9qR7uwkblbs$_$24,9qR7uwkblbs,1,1,0,0,1,0,0
425,9qR7uwkblbs$_$25,9qR7uwkblbs,1,1,0,0,1,0,0
426,9qR7uwkblbs$_$26,9qR7uwkblbs,1,1,0,0,1,0,0
427,9qR7uwkblbs$_$27,9qR7uwkblbs,1,1,0,0,1,0,0
428,9qR7uwkblbs$_$20,9qR7uwkblbs,1,1,0,0,1,0,0
429,9qR7uwkblbs$_$21,9qR7uwkblbs,1,1,0,0,1,0,0
430,9qR7uwkblbs$_$22,9qR7uwkblbs,1,1,0,0,1,0,0
431,9qR7uwkblbs$_$23,9qR7uwkblbs,1,1,0,0,1,0,0
432,9qR7uwkblbs$_$28,9qR7uwkblbs,1,1,0,0,1,0,0
433,9qR7uwkblbs$_$29,9qR7uwkblbs,1,1,0,0,1,0,0
434,9qR7uwkblbs$_$1,9qR7uwkblbs,1,1,0,0,1,0,0
435,9qR7uwkblbs$_$3,9qR7uwkblbs,1,1,0,0,1,0,0
436,9qR7uwkblbs$_$2,9qR7uwkblbs,1,1,0,0,1,0,0
437,9qR7uwkblbs$_$5,9qR7uwkblbs,1,1,0,0,1,0,0
438,9qR7uwkblbs$_$4,9qR7uwkblbs,1,1,0,0,1,0,0
439,9qR7uwkblbs$_$7,9qR7uwkblbs,1,1,0,0,1,0,0
440,9qR7uwkblbs$_$6,9qR7uwkblbs,1,1,0,0,1,0,0
441,9qR7uwkblbs$_$9,9qR7uwkblbs,1,1,0,0,1,0,0
442,9qR7uwkblbs$_$8,9qR7uwkblbs,1,1,0,0,1,0,0
443,9qR7uwkblbs$_$11,9qR7uwkblbs,1,1,0,0,1,0,0
444,9qR7uwkblbs$_$10,9qR7uwkblbs,1,1,0,0,1,0,0
445,9qR7uwkblbs$_$13,9qR7uwkblbs,1,1,0,0,1,0,0
446,9qR7uwkblbs$_$12,9qR7uwkblbs,1,1,0,0,1,0,0
447,9qR7uwkblbs$_$15,9qR7uwkblbs,1,1,0,0,1,0,0
448,9qR7uwkblbs$_$14,9qR7uwkblbs,1,1,0,0,1,0,0
449,9qR7uwkblbs$_$17,9qR7uwkblbs,1,1,0,0,1,0,0
450,9qR7uwkblbs$_$16,9qR7uwkblbs,1,1,0,0,1,0,0
451,9qR7uwkblbs$_$19,9qR7uwkblbs,1,1,0,0,1,0,0
452,9qR7uwkblbs$_$18,9qR7uwkblbs,1,1,0,0,1,0,0
453,9qR7uwkblbs$_$31,9qR7uwkblbs,1,1,0,0,1,0,0
454,9qR7uwkblbs$_$30,9qR7uwkblbs,1,1,0,0,1,0,0
455,9qR7uwkblbs$_$33,9qR7uwkblbs,1,1,0,0,1,0,0
456,9qR7uwkblbs$_$32,9qR7uwkblbs,1,1,0,0,1,0,0
457,Af8D0E4ZXaw$_$24,Af8D0E4ZXaw,4,0,0,0,0,0,0
458,Af8D0E4ZXaw$_$25,Af8D0E4ZXaw,4,0,0,0,0,0,0
459,Af8D0E4ZXaw$_$26,Af8D0E4ZXaw,4,0,0,0,0,0,0
460,Af8D0E4ZXaw$_$27,Af8D0E4ZXaw,4,0,0,0,0,0,0
461,Af8D0E4ZXaw$_$20,Af8D0E4ZXaw,4,0,0,0,0,0,0
462,Af8D0E4ZXaw$_$21,Af8D0E4ZXaw,4,0,0,0,0,0,0
463,Af8D0E4ZXaw$_$22,Af8D0E4ZXaw,4,0,0,0,0,0,0
464,Af8D0E4ZXaw$_$23,Af8D0E4ZXaw,4,0,0,0,0,0,0
465,Af8D0E4ZXaw$_$28,Af8D0E4ZXaw,4,0,0,0,0,0,0
466,Af8D0E4ZXaw$_$29,Af8D0E4ZXaw,4,0,0,0,0,0,0
467,Af8D0E4ZXaw$_$1,Af8D0E4ZXaw,4,0,0,0,0,0,0
468,Af8D0E4ZXaw$_$3,Af8D0E4ZXaw,4,0,0,0,0,0,0
469,Af8D0E4ZXaw$_$2,Af8D0E4ZXaw,4,0,0,0,0,0,0
470,Af8D0E4ZXaw$_$5,Af8D0E4ZXaw,4,0,0,0,0,0,0
471,Af8D0E4ZXaw$_$4,Af8D0E4ZXaw,4,0,0,0,0,0,0
472,Af8D0E4ZXaw$_$7,Af8D0E4ZXaw,4,0,0,0,0,0,0
473,Af8D0E4ZXaw$_$6,Af8D0E4ZXaw,4,0,0,0,0,0,0
474,Af8D0E4ZXaw$_$9,Af8D0E4ZXaw,4,0,0,0,0,0,0
475,Af8D0E4ZXaw$_$8,Af8D0E4ZXaw,4,0,0,0,0,0,0
476,Af8D0E4ZXaw$_$11,Af8D0E4ZXaw,4,0,0,0,0,0,0
477,Af8D0E4ZXaw$_$10,Af8D0E4ZXaw,4,0,0,0,0,0,0
478,Af8D0E4ZXaw$_$13,Af8D0E4ZXaw,4,0,0,0,0,0,0
479,Af8D0E4ZXaw$_$12,Af8D0E4ZXaw,4,0,0,0,0,0,0
480,Af8D0E4ZXaw$_$15,Af8D0E4ZXaw,4,0,0,0,0,0,0
481,Af8D0E4ZXaw$_$14,Af8D0E4ZXaw,4,0,0,0,0,0,0
482,Af8D0E4ZXaw$_$17,Af8D0E4ZXaw,4,0,0,0,0,0,0
483,Af8D0E4ZXaw$_$16,Af8D0E4ZXaw,4,0,0,0,0,0,0
484,Af8D0E4ZXaw$_$19,Af8D0E4ZXaw,4,0,0,0,0,0,0
485,Af8D0E4ZXaw$_$18,Af8D0E4ZXaw,4,0,0,0,0,0,0
486,Af8D0E4ZXaw$_$31,Af8D0E4ZXaw,4,0,0,0,0,0,0
487,Af8D0E4ZXaw$_$30,Af8D0E4ZXaw,4,0,0,0,0,0,0
488,BI97DNYfe5I$_$24,BI97DNYfe5I,2,1,0,0,0,0,0
489,BI97DNYfe5I$_$25,BI97DNYfe5I,2,1,0,0,0,0,0
490,BI97DNYfe5I$_$26,BI97DNYfe5I,2,1,0,0,0,0,0
491,BI97DNYfe5I$_$27,BI97DNYfe5I,2,1,0,0,0,0,0
492,BI97DNYfe5I$_$20,BI97DNYfe5I,2,1,0,0,0,0,0
493,BI97DNYfe5I$_$21,BI97DNYfe5I,2,1,0,0,0,0,0
494,BI97DNYfe5I$_$22,BI97DNYfe5I,2,1,0,0,0,0,0
495,BI97DNYfe5I$_$23,BI97DNYfe5I,2,1,0,0,0,0,0
496,BI97DNYfe5I$_$28,BI97DNYfe5I,2,1,0,0,0,0,0
497,BI97DNYfe5I$_$29,BI97DNYfe5I,2,1,0,0,0,0,0
498,BI97DNYfe5I$_$1,BI97DNYfe5I,2,1,0,0,0,0,0
499,BI97DNYfe5I$_$3,BI97DNYfe5I,2,1,0,0,0,0,0
500,BI97DNYfe5I$_$2,BI97DNYfe5I,2,1,0,0,0,0,0
501,BI97DNYfe5I$_$5,BI97DNYfe5I,2,1,0,0,0,0,0
502,BI97DNYfe5I$_$4,BI97DNYfe5I,2,1,0,0,0,0,0
503,BI97DNYfe5I$_$7,BI97DNYfe5I,2,1,0,0,0,0,0
504,BI97DNYfe5I$_$6,BI97DNYfe5I,2,1,0,0,0,0,0
505,BI97DNYfe5I$_$9,BI97DNYfe5I,2,1,0,0,0,0,0
506,BI97DNYfe5I$_$8,BI97DNYfe5I,2,1,0,0,0,0,0
507,BI97DNYfe5I$_$11,BI97DNYfe5I,2,1,0,0,0,0,0
508,BI97DNYfe5I$_$10,BI97DNYfe5I,2,1,0,0,0,0,0
509,BI97DNYfe5I$_$13,BI97DNYfe5I,2,1,0,0,0,0,0
510,BI97DNYfe5I$_$12,BI97DNYfe5I,2,1,0,0,0,0,0
511,BI97DNYfe5I$_$15,BI97DNYfe5I,2,1,0,0,0,0,0
512,BI97DNYfe5I$_$14,BI97DNYfe5I,2,1,0,0,0,0,0
513,BI97DNYfe5I$_$17,BI97DNYfe5I,2,1,0,0,0,0,0
514,BI97DNYfe5I$_$16,BI97DNYfe5I,2,1,0,0,0,0,0
515,BI97DNYfe5I$_$19,BI97DNYfe5I,2,1,0,0,0,0,0
516,BI97DNYfe5I$_$18,BI97DNYfe5I,2,1,0,0,0,0,0
517,BI97DNYfe5I$_$31,BI97DNYfe5I,2,1,0,0,0,0,0
518,BI97DNYfe5I$_$30,BI97DNYfe5I,2,1,0,0,0,0,0
519,BXuRRbG0Ugk$_$24,BXuRRbG0Ugk,0,1,0,0,0,0,1
520,BXuRRbG0Ugk$_$25,BXuRRbG0Ugk,0,1,0,0,0,0,1
521,BXuRRbG0Ugk$_$26,BXuRRbG0Ugk,0,1,0,0,0,0,1
522,BXuRRbG0Ugk$_$27,BXuRRbG0Ugk,0,1,0,0,0,0,1
523,BXuRRbG0Ugk$_$20,BXuRRbG0Ugk,0,1,0,0,0,0,1
524,BXuRRbG0Ugk$_$21,BXuRRbG0Ugk,0,1,0,0,0,0,1
525,BXuRRbG0Ugk$_$22,BXuRRbG0Ugk,0,1,0,0,0,0,1
526,BXuRRbG0Ugk$_$23,BXuRRbG0Ugk,0,1,0,0,0,0,1
527,BXuRRbG0Ugk$_$28,BXuRRbG0Ugk,0,1,0,0,0,0,1
528,BXuRRbG0Ugk$_$29,BXuRRbG0Ugk,0,1,0,0,0,0,1
529,BXuRRbG0Ugk$_$1,BXuRRbG0Ugk,0,1,0,0,0,0,1
530,BXuRRbG0Ugk$_$3,BXuRRbG0Ugk,0,1,0,0,0,0,1
531,BXuRRbG0Ugk$_$2,BXuRRbG0Ugk,0,1,0,0,0,0,1
532,BXuRRbG0Ugk$_$5,BXuRRbG0Ugk,0,1,0,0,0,0,1
533,BXuRRbG0Ugk$_$4,BXuRRbG0Ugk,0,1,0,0,0,0,1
534,BXuRRbG0Ugk$_$7,BXuRRbG0Ugk,0,1,0,0,0,0,1
535,BXuRRbG0Ugk$_$6,BXuRRbG0Ugk,0,1,0,0,0,0,1
536,BXuRRbG0Ugk$_$9,BXuRRbG0Ugk,0,1,0,0,0,0,1
537,BXuRRbG0Ugk$_$8,BXuRRbG0Ugk,0,1,0,0,0,0,1
538,BXuRRbG0Ugk$_$11,BXuRRbG0Ugk,0,1,0,0,0,0,1
539,BXuRRbG0Ugk$_$10,BXuRRbG0Ugk,0,1,0,0,0,0,1
540,BXuRRbG0Ugk$_$13,BXuRRbG0Ugk,0,1,0,0,0,0,1
541,BXuRRbG0Ugk$_$12,BXuRRbG0Ugk,0,1,0,0,0,0,1
542,BXuRRbG0Ugk$_$15,BXuRRbG0Ugk,0,1,0,0,0,0,1
543,BXuRRbG0Ugk$_$14,BXuRRbG0Ugk,0,1,0,0,0,0,1
544,BXuRRbG0Ugk$_$17,BXuRRbG0Ugk,0,1,0,0,0,0,1
545,BXuRRbG0Ugk$_$16,BXuRRbG0Ugk,0,1,0,0,0,0,1
546,BXuRRbG0Ugk$_$19,BXuRRbG0Ugk,0,1,0,0,0,0,1
547,BXuRRbG0Ugk$_$18,BXuRRbG0Ugk,0,1,0,0,0,0,1
548,BXuRRbG0Ugk$_$31,BXuRRbG0Ugk,0,1,0,0,0,0,1
549,BXuRRbG0Ugk$_$30,BXuRRbG0Ugk,0,1,0,0,0,0,1
550,Bfr499ggo-0$_$20,Bfr499ggo-0,2,0,0,0,0,0,0
551,Bfr499ggo-0$_$21,Bfr499ggo-0,2,0,0,0,0,0,0
552,Bfr499ggo-0$_$22,Bfr499ggo-0,2,0,0,0,0,0,0
553,Bfr499ggo-0$_$1,Bfr499ggo-0,2,0,0,0,0,0,0
554,Bfr499ggo-0$_$3,Bfr499ggo-0,2,0,0,0,0,0,0
555,Bfr499ggo-0$_$2,Bfr499ggo-0,2,0,0,0,0,0,0
556,Bfr499ggo-0$_$5,Bfr499ggo-0,2,0,0,0,0,0,0
557,Bfr499ggo-0$_$4,Bfr499ggo-0,2,0,0,0,0,0,0
558,Bfr499ggo-0$_$7,Bfr499ggo-0,2,0,0,0,0,0,0
559,Bfr499ggo-0$_$6,Bfr499ggo-0,2,0,0,0,0,0,0
560,Bfr499ggo-0$_$9,Bfr499ggo-0,2,0,0,0,0,0,0
561,Bfr499ggo-0$_$8,Bfr499ggo-0,2,0,0,0,0,0,0
562,Bfr499ggo-0$_$11,Bfr499ggo-0,2,0,0,0,0,0,0
563,Bfr499ggo-0$_$10,Bfr499ggo-0,2,0,0,0,0,0,0
564,Bfr499ggo-0$_$13,Bfr499ggo-0,2,0,0,0,0,0,0
565,Bfr499ggo-0$_$12,Bfr499ggo-0,2,0,0,0,0,0,0
566,Bfr499ggo-0$_$15,Bfr499ggo-0,2,0,0,0,0,0,0
567,Bfr499ggo-0$_$14,Bfr499ggo-0,2,0,0,0,0,0,0
568,Bfr499ggo-0$_$17,Bfr499ggo-0,2,0,0,0,0,0,0
569,Bfr499ggo-0$_$16,Bfr499ggo-0,2,0,0,0,0,0,0
570,Bfr499ggo-0$_$19,Bfr499ggo-0,2,0,0,0,0,0,0
571,Bfr499ggo-0$_$18,Bfr499ggo-0,2,0,0,0,0,0,0
572,BioHAh1qJAQ$_$24,BioHAh1qJAQ,4,0,0,0,0,0,0
573,BioHAh1qJAQ$_$25,BioHAh1qJAQ,4,0,0,0,0,0,0
574,BioHAh1qJAQ$_$26,BioHAh1qJAQ,4,0,0,0,0,0,0
575,BioHAh1qJAQ$_$27,BioHAh1qJAQ,4,0,0,0,0,0,0
576,BioHAh1qJAQ$_$20,BioHAh1qJAQ,4,0,0,0,0,0,0
577,BioHAh1qJAQ$_$21,BioHAh1qJAQ,4,0,0,0,0,0,0
578,BioHAh1qJAQ$_$22,BioHAh1qJAQ,4,0,0,0,0,0,0
579,BioHAh1qJAQ$_$23,BioHAh1qJAQ,4,0,0,0,0,0,0
580,BioHAh1qJAQ$_$28,BioHAh1qJAQ,4,0,0,0,0,0,0
581,BioHAh1qJAQ$_$29,BioHAh1qJAQ,4,0,0,0,0,0,0
582,BioHAh1qJAQ$_$1,BioHAh1qJAQ,4,0,0,0,0,0,0
583,BioHAh1qJAQ$_$3,BioHAh1qJAQ,4,0,0,0,0,0,0
584,BioHAh1qJAQ$_$2,BioHAh1qJAQ,4,0,0,0,0,0,0
585,BioHAh1qJAQ$_$5,BioHAh1qJAQ,4,0,0,0,0,0,0
586,BioHAh1qJAQ$_$4,BioHAh1qJAQ,4,0,0,0,0,0,0
587,BioHAh1qJAQ$_$7,BioHAh1qJAQ,4,0,0,0,0,0,0
588,BioHAh1qJAQ$_$6,BioHAh1qJAQ,4,0,0,0,0,0,0
589,BioHAh1qJAQ$_$9,BioHAh1qJAQ,4,0,0,0,0,0,0
590,BioHAh1qJAQ$_$8,BioHAh1qJAQ,4,0,0,0,0,0,0
591,BioHAh1qJAQ$_$11,BioHAh1qJAQ,4,0,0,0,0,0,0
592,BioHAh1qJAQ$_$10,BioHAh1qJAQ,4,0,0,0,0,0,0
593,BioHAh1qJAQ$_$13,BioHAh1qJAQ,4,0,0,0,0,0,0
594,BioHAh1qJAQ$_$12,BioHAh1qJAQ,4,0,0,0,0,0,0
595,BioHAh1qJAQ$_$15,BioHAh1qJAQ,4,0,0,0,0,0,0
596,BioHAh1qJAQ$_$14,BioHAh1qJAQ,4,0,0,0,0,0,0
597,BioHAh1qJAQ$_$17,BioHAh1qJAQ,4,0,0,0,0,0,0
598,BioHAh1qJAQ$_$16,BioHAh1qJAQ,4,0,0,0,0,0,0
599,BioHAh1qJAQ$_$19,BioHAh1qJAQ,4,0,0,0,0,0,0
600,BioHAh1qJAQ$_$18,BioHAh1qJAQ,4,0,0,0,0,0,0
601,BioHAh1qJAQ$_$30,BioHAh1qJAQ,4,0,0,0,0,0,0
602,BvYR0L6f2Ig$_$24,BvYR0L6f2Ig,1,0,0,0,0,0,0
603,BvYR0L6f2Ig$_$25,BvYR0L6f2Ig,1,0,0,0,0,0,0
604,BvYR0L6f2Ig$_$26,BvYR0L6f2Ig,1,0,0,0,0,0,0
605,BvYR0L6f2Ig$_$20,BvYR0L6f2Ig,1,0,0,0,0,0,0
606,BvYR0L6f2Ig$_$21,BvYR0L6f2Ig,1,0,0,0,0,0,0
607,BvYR0L6f2Ig$_$22,BvYR0L6f2Ig,1,0,0,0,0,0,0
608,BvYR0L6f2Ig$_$23,BvYR0L6f2Ig,1,0,0,0,0,0,0
609,BvYR0L6f2Ig$_$1,BvYR0L6f2Ig,1,0,0,0,0,0,0
610,BvYR0L6f2Ig$_$3,BvYR0L6f2Ig,1,0,0,0,0,0,0
611,BvYR0L6f2Ig$_$2,BvYR0L6f2Ig,1,0,0,0,0,0,0
612,BvYR0L6f2Ig$_$5,BvYR0L6f2Ig,1,0,0,0,0,0,0
613,BvYR0L6f2Ig$_$4,BvYR0L6f2Ig,1,0,0,0,0,0,0
614,BvYR0L6f2Ig$_$7,BvYR0L6f2Ig,1,0,0,0,0,0,0
615,BvYR0L6f2Ig$_$6,BvYR0L6f2Ig,1,0,0,0,0,0,0
616,BvYR0L6f2Ig$_$9,BvYR0L6f2Ig,1,0,0,0,0,0,0
617,BvYR0L6f2Ig$_$8,BvYR0L6f2Ig,1,0,0,0,0,0,0
618,BvYR0L6f2Ig$_$11,BvYR0L6f2Ig,1,0,0,0,0,0,0
619,BvYR0L6f2Ig$_$10,BvYR0L6f2Ig,1,0,0,0,0,0,0
620,BvYR0L6f2Ig$_$13,BvYR0L6f2Ig,1,0,0,0,0,0,0
621,BvYR0L6f2Ig$_$12,BvYR0L6f2Ig,1,0,0,0,0,0,0
622,BvYR0L6f2Ig$_$15,BvYR0L6f2Ig,1,0,0,0,0,0,0
623,BvYR0L6f2Ig$_$14,BvYR0L6f2Ig,1,0,0,0,0,0,0
624,BvYR0L6f2Ig$_$17,BvYR0L6f2Ig,1,0,0,0,0,0,0
625,BvYR0L6f2Ig$_$16,BvYR0L6f2Ig,1,0,0,0,0,0,0
626,BvYR0L6f2Ig$_$19,BvYR0L6f2Ig,1,0,0,0,0,0,0
627,BvYR0L6f2Ig$_$18,BvYR0L6f2Ig,1,0,0,0,0,0,0
628,Ci-AH39fi3Y$_$42,Ci-AH39fi3Y,4,0,0,0,0,0,0
629,Ci-AH39fi3Y$_$43,Ci-AH39fi3Y,4,0,0,0,0,0,0
630,Ci-AH39fi3Y$_$24,Ci-AH39fi3Y,4,0,0,0,0,0,0
631,Ci-AH39fi3Y$_$25,Ci-AH39fi3Y,4,0,0,0,0,0,0
632,Ci-AH39fi3Y$_$26,Ci-AH39fi3Y,4,0,0,0,0,0,0
633,Ci-AH39fi3Y$_$27,Ci-AH39fi3Y,4,0,0,0,0,0,0
634,Ci-AH39fi3Y$_$20,Ci-AH39fi3Y,4,0,0,0,0,0,0
635,Ci-AH39fi3Y$_$21,Ci-AH39fi3Y,4,0,0,0,0,0,0
636,Ci-AH39fi3Y$_$22,Ci-AH39fi3Y,4,0,0,0,0,0,0
637,Ci-AH39fi3Y$_$23,Ci-AH39fi3Y,4,0,0,0,0,0,0
638,Ci-AH39fi3Y$_$44,Ci-AH39fi3Y,4,0,0,0,0,0,0
639,Ci-AH39fi3Y$_$28,Ci-AH39fi3Y,4,0,0,0,0,0,0
640,Ci-AH39fi3Y$_$29,Ci-AH39fi3Y,4,0,0,0,0,0,0
641,Ci-AH39fi3Y$_$40,Ci-AH39fi3Y,4,0,0,0,0,0,0
642,Ci-AH39fi3Y$_$41,Ci-AH39fi3Y,4,0,0,0,0,0,0
643,Ci-AH39fi3Y$_$1,Ci-AH39fi3Y,4,0,0,0,0,0,0
644,Ci-AH39fi3Y$_$3,Ci-AH39fi3Y,4,0,0,0,0,0,0
645,Ci-AH39fi3Y$_$2,Ci-AH39fi3Y,4,0,0,0,0,0,0
646,Ci-AH39fi3Y$_$5,Ci-AH39fi3Y,4,0,0,0,0,0,0
647,Ci-AH39fi3Y$_$4,Ci-AH39fi3Y,4,0,0,0,0,0,0
648,Ci-AH39fi3Y$_$7,Ci-AH39fi3Y,4,0,0,0,0,0,0
649,Ci-AH39fi3Y$_$6,Ci-AH39fi3Y,4,0,0,0,0,0,0
650,Ci-AH39fi3Y$_$9,Ci-AH39fi3Y,4,0,0,0,0,0,0
651,Ci-AH39fi3Y$_$8,Ci-AH39fi3Y,4,0,0,0,0,0,0
652,Ci-AH39fi3Y$_$39,Ci-AH39fi3Y,4,0,0,0,0,0,0
653,Ci-AH39fi3Y$_$38,Ci-AH39fi3Y,4,0,0,0,0,0,0
654,Ci-AH39fi3Y$_$11,Ci-AH39fi3Y,4,0,0,0,0,0,0
655,Ci-AH39fi3Y$_$10,Ci-AH39fi3Y,4,0,0,0,0,0,0
656,Ci-AH39fi3Y$_$13,Ci-AH39fi3Y,4,0,0,0,0,0,0
657,Ci-AH39fi3Y$_$12,Ci-AH39fi3Y,4,0,0,0,0,0,0
658,Ci-AH39fi3Y$_$15,Ci-AH39fi3Y,4,0,0,0,0,0,0
659,Ci-AH39fi3Y$_$14,Ci-AH39fi3Y,4,0,0,0,0,0,0
660,Ci-AH39fi3Y$_$17,Ci-AH39fi3Y,4,0,0,0,0,0,0
661,Ci-AH39fi3Y$_$16,Ci-AH39fi3Y,4,0,0,0,0,0,0
662,Ci-AH39fi3Y$_$19,Ci-AH39fi3Y,4,0,0,0,0,0,0
663,Ci-AH39fi3Y$_$18,Ci-AH39fi3Y,4,0,0,0,0,0,0
664,Ci-AH39fi3Y$_$31,Ci-AH39fi3Y,4,0,0,0,0,0,0
665,Ci-AH39fi3Y$_$30,Ci-AH39fi3Y,4,0,0,0,0,0,0
666,Ci-AH39fi3Y$_$37,Ci-AH39fi3Y,4,0,0,0,0,0,0
667,Ci-AH39fi3Y$_$36,Ci-AH39fi3Y,4,0,0,0,0,0,0
668,Ci-AH39fi3Y$_$35,Ci-AH39fi3Y,4,0,0,0,0,0,0
669,Ci-AH39fi3Y$_$34,Ci-AH39fi3Y,4,0,0,0,0,0,0
670,Ci-AH39fi3Y$_$33,Ci-AH39fi3Y,4,0,0,0,0,0,0
671,Ci-AH39fi3Y$_$32,Ci-AH39fi3Y,4,0,0,0,0,0,0
672,Clx4VXItLTE$_$24,Clx4VXItLTE,2,1,1,0,0,0,0
673,Clx4VXItLTE$_$25,Clx4VXItLTE,2,1,1,0,0,0,0
674,Clx4VXItLTE$_$26,Clx4VXItLTE,2,1,1,0,0,0,0
675,Clx4VXItLTE$_$27,Clx4VXItLTE,2,1,1,0,0,0,0
676,Clx4VXItLTE$_$20,Clx4VXItLTE,2,1,1,0,0,0,0
677,Clx4VXItLTE$_$21,Clx4VXItLTE,2,1,1,0,0,0,0
678,Clx4VXItLTE$_$22,Clx4VXItLTE,2,1,1,0,0,0,0
679,Clx4VXItLTE$_$23,Clx4VXItLTE,2,1,1,0,0,0,0
680,Clx4VXItLTE$_$28,Clx4VXItLTE,2,1,1,0,0,0,0
681,Clx4VXItLTE$_$29,Clx4VXItLTE,2,1,1,0,0,0,0
682,Clx4VXItLTE$_$1,Clx4VXItLTE,2,1,1,0,0,0,0
683,Clx4VXItLTE$_$3,Clx4VXItLTE,2,1,1,0,0,0,0
684,Clx4VXItLTE$_$2,Clx4VXItLTE,2,1,1,0,0,0,0
685,Clx4VXItLTE$_$5,Clx4VXItLTE,2,1,1,0,0,0,0
686,Clx4VXItLTE$_$4,Clx4VXItLTE,2,1,1,0,0,0,0
687,Clx4VXItLTE$_$7,Clx4VXItLTE,2,1,1,0,0,0,0
688,Clx4VXItLTE$_$6,Clx4VXItLTE,2,1,1,0,0,0,0
689,Clx4VXItLTE$_$9,Clx4VXItLTE,2,1,1,0,0,0,0
690,Clx4VXItLTE$_$8,Clx4VXItLTE,2,1,1,0,0,0,0
691,Clx4VXItLTE$_$11,Clx4VXItLTE,2,1,1,0,0,0,0
692,Clx4VXItLTE$_$10,Clx4VXItLTE,2,1,1,0,0,0,0
693,Clx4VXItLTE$_$13,Clx4VXItLTE,2,1,1,0,0,0,0
694,Clx4VXItLTE$_$12,Clx4VXItLTE,2,1,1,0,0,0,0
695,Clx4VXItLTE$_$15,Clx4VXItLTE,2,1,1,0,0,0,0
696,Clx4VXItLTE$_$14,Clx4VXItLTE,2,1,1,0,0,0,0
697,Clx4VXItLTE$_$17,Clx4VXItLTE,2,1,1,0,0,0,0
698,Clx4VXItLTE$_$16,Clx4VXItLTE,2,1,1,0,0,0,0
699,Clx4VXItLTE$_$19,Clx4VXItLTE,2,1,1,0,0,0,0
700,Clx4VXItLTE$_$18,Clx4VXItLTE,2,1,1,0,0,0,0
701,Clx4VXItLTE$_$31,Clx4VXItLTE,2,1,1,0,0,0,0
702,Clx4VXItLTE$_$30,Clx4VXItLTE,2,1,1,0,0,0,0
703,Dg_0XKD0Mf4$_$11,Dg_0XKD0Mf4,0,0,0,1,0,0,0
704,Dg_0XKD0Mf4$_$10,Dg_0XKD0Mf4,0,0,0,1,0,0,0
705,Dg_0XKD0Mf4$_$13,Dg_0XKD0Mf4,0,0,0,1,0,0,0
706,Dg_0XKD0Mf4$_$12,Dg_0XKD0Mf4,0,0,0,1,0,0,0
707,Dg_0XKD0Mf4$_$15,Dg_0XKD0Mf4,0,0,0,1,0,0,0
708,Dg_0XKD0Mf4$_$14,Dg_0XKD0Mf4,0,0,0,1,0,0,0
709,Dg_0XKD0Mf4$_$17,Dg_0XKD0Mf4,0,0,0,1,0,0,0
710,Dg_0XKD0Mf4$_$16,Dg_0XKD0Mf4,0,0,0,1,0,0,0
711,Dg_0XKD0Mf4$_$18,Dg_0XKD0Mf4,0,0,0,1,0,0,0
712,Dg_0XKD0Mf4$_$1,Dg_0XKD0Mf4,0,0,0,1,0,0,0
713,Dg_0XKD0Mf4$_$3,Dg_0XKD0Mf4,0,0,0,1,0,0,0
714,Dg_0XKD0Mf4$_$2,Dg_0XKD0Mf4,0,0,0,1,0,0,0
715,Dg_0XKD0Mf4$_$5,Dg_0XKD0Mf4,0,0,0,1,0,0,0
716,Dg_0XKD0Mf4$_$4,Dg_0XKD0Mf4,0,0,0,1,0,0,0
717,Dg_0XKD0Mf4$_$7,Dg_0XKD0Mf4,0,0,0,1,0,0,0
718,Dg_0XKD0Mf4$_$6,Dg_0XKD0Mf4,0,0,0,1,0,0,0
719,Dg_0XKD0Mf4$_$9,Dg_0XKD0Mf4,0,0,0,1,0,0,0
720,Dg_0XKD0Mf4$_$8,Dg_0XKD0Mf4,0,0,0,1,0,0,0
721,G-xst2euQUc$_$11,G-xst2euQUc,1,1,0,0,0,0,0
722,G-xst2euQUc$_$10,G-xst2euQUc,1,1,0,0,0,0,0
723,G-xst2euQUc$_$13,G-xst2euQUc,1,1,0,0,0,0,0
724,G-xst2euQUc$_$12,G-xst2euQUc,1,1,0,0,0,0,0
725,G-xst2euQUc$_$15,G-xst2euQUc,1,1,0,0,0,0,0
726,G-xst2euQUc$_$14,G-xst2euQUc,1,1,0,0,0,0,0
727,G-xst2euQUc$_$17,G-xst2euQUc,1,1,0,0,0,0,0
728,G-xst2euQUc$_$16,G-xst2euQUc,1,1,0,0,0,0,0
729,G-xst2euQUc$_$19,G-xst2euQUc,1,1,0,0,0,0,0
730,G-xst2euQUc$_$18,G-xst2euQUc,1,1,0,0,0,0,0
731,G-xst2euQUc$_$20,G-xst2euQUc,1,1,0,0,0,0,0
732,G-xst2euQUc$_$1,G-xst2euQUc,1,1,0,0,0,0,0
733,G-xst2euQUc$_$3,G-xst2euQUc,1,1,0,0,0,0,0
734,G-xst2euQUc$_$2,G-xst2euQUc,1,1,0,0,0,0,0
735,G-xst2euQUc$_$5,G-xst2euQUc,1,1,0,0,0,0,0
736,G-xst2euQUc$_$4,G-xst2euQUc,1,1,0,0,0,0,0
737,G-xst2euQUc$_$7,G-xst2euQUc,1,1,0,0,0,0,0
738,G-xst2euQUc$_$6,G-xst2euQUc,1,1,0,0,0,0,0
739,G-xst2euQUc$_$9,G-xst2euQUc,1,1,0,0,0,0,0
740,G-xst2euQUc$_$8,G-xst2euQUc,1,1,0,0,0,0,0
741,G-xst2euQUc$_$21,G-xst2euQUc,1,1,0,0,0,0,0
742,G6GlGvlkxAQ$_$24,G6GlGvlkxAQ,3,0,0,0,0,0,0
743,G6GlGvlkxAQ$_$25,G6GlGvlkxAQ,3,0,0,0,0,0,0
744,G6GlGvlkxAQ$_$26,G6GlGvlkxAQ,3,0,0,0,0,0,0
745,G6GlGvlkxAQ$_$27,G6GlGvlkxAQ,3,0,0,0,0,0,0
746,G6GlGvlkxAQ$_$20,G6GlGvlkxAQ,3,0,0,0,0,0,0
747,G6GlGvlkxAQ$_$21,G6GlGvlkxAQ,3,0,0,0,0,0,0
748,G6GlGvlkxAQ$_$22,G6GlGvlkxAQ,3,0,0,0,0,0,0
749,G6GlGvlkxAQ$_$23,G6GlGvlkxAQ,3,0,0,0,0,0,0
750,G6GlGvlkxAQ$_$28,G6GlGvlkxAQ,3,0,0,0,0,0,0
751,G6GlGvlkxAQ$_$29,G6GlGvlkxAQ,3,0,0,0,0,0,0
752,G6GlGvlkxAQ$_$1,G6GlGvlkxAQ,3,0,0,0,0,0,0
753,G6GlGvlkxAQ$_$3,G6GlGvlkxAQ,3,0,0,0,0,0,0
754,G6GlGvlkxAQ$_$2,G6GlGvlkxAQ,3,0,0,0,0,0,0
755,G6GlGvlkxAQ$_$5,G6GlGvlkxAQ,3,0,0,0,0,0,0
756,G6GlGvlkxAQ$_$4,G6GlGvlkxAQ,3,0,0,0,0,0,0
757,G6GlGvlkxAQ$_$7,G6GlGvlkxAQ,3,0,0,0,0,0,0
758,G6GlGvlkxAQ$_$6,G6GlGvlkxAQ,3,0,0,0,0,0,0
759,G6GlGvlkxAQ$_$9,G6GlGvlkxAQ,3,0,0,0,0,0,0
760,G6GlGvlkxAQ$_$8,G6GlGvlkxAQ,3,0,0,0,0,0,0
761,G6GlGvlkxAQ$_$11,G6GlGvlkxAQ,3,0,0,0,0,0,0
762,G6GlGvlkxAQ$_$10,G6GlGvlkxAQ,3,0,0,0,0,0,0
763,G6GlGvlkxAQ$_$13,G6GlGvlkxAQ,3,0,0,0,0,0,0
764,G6GlGvlkxAQ$_$12,G6GlGvlkxAQ,3,0,0,0,0,0,0
765,G6GlGvlkxAQ$_$15,G6GlGvlkxAQ,3,0,0,0,0,0,0
766,G6GlGvlkxAQ$_$14,G6GlGvlkxAQ,3,0,0,0,0,0,0
767,G6GlGvlkxAQ$_$17,G6GlGvlkxAQ,3,0,0,0,0,0,0
768,G6GlGvlkxAQ$_$16,G6GlGvlkxAQ,3,0,0,0,0,0,0
769,G6GlGvlkxAQ$_$19,G6GlGvlkxAQ,3,0,0,0,0,0,0
770,G6GlGvlkxAQ$_$18,G6GlGvlkxAQ,3,0,0,0,0,0,0
771,GWuJjcEuzt8$_$11,GWuJjcEuzt8,2,0,0,1,0,0,0
772,GWuJjcEuzt8$_$10,GWuJjcEuzt8,2,0,0,1,0,0,0
773,GWuJjcEuzt8$_$13,GWuJjcEuzt8,2,0,0,1,0,0,0
774,GWuJjcEuzt8$_$12,GWuJjcEuzt8,2,0,0,1,0,0,0
775,GWuJjcEuzt8$_$15,GWuJjcEuzt8,2,0,0,1,0,0,0
776,GWuJjcEuzt8$_$14,GWuJjcEuzt8,2,0,0,1,0,0,0
777,GWuJjcEuzt8$_$17,GWuJjcEuzt8,2,0,0,1,0,0,0
778,GWuJjcEuzt8$_$16,GWuJjcEuzt8,2,0,0,1,0,0,0
779,GWuJjcEuzt8$_$18,GWuJjcEuzt8,2,0,0,1,0,0,0
780,GWuJjcEuzt8$_$1,GWuJjcEuzt8,2,0,0,1,0,0,0
781,GWuJjcEuzt8$_$3,GWuJjcEuzt8,2,0,0,1,0,0,0
782,GWuJjcEuzt8$_$2,GWuJjcEuzt8,2,0,0,1,0,0,0
783,GWuJjcEuzt8$_$5,GWuJjcEuzt8,2,0,0,1,0,0,0
784,GWuJjcEuzt8$_$4,GWuJjcEuzt8,2,0,0,1,0,0,0
785,GWuJjcEuzt8$_$7,GWuJjcEuzt8,2,0,0,1,0,0,0
786,GWuJjcEuzt8$_$6,GWuJjcEuzt8,2,0,0,1,0,0,0
787,GWuJjcEuzt8$_$9,GWuJjcEuzt8,2,0,0,1,0,0,0
788,GWuJjcEuzt8$_$8,GWuJjcEuzt8,2,0,0,1,0,0,0
789,HEsqda8_d0Q$_$24,HEsqda8_d0Q,2,0,0,1,0,0,1
790,HEsqda8_d0Q$_$25,HEsqda8_d0Q,2,0,0,1,0,0,1
791,HEsqda8_d0Q$_$26,HEsqda8_d0Q,2,0,0,1,0,0,1
792,HEsqda8_d0Q$_$27,HEsqda8_d0Q,2,0,0,1,0,0,1
793,HEsqda8_d0Q$_$20,HEsqda8_d0Q,2,0,0,1,0,0,1
794,HEsqda8_d0Q$_$21,HEsqda8_d0Q,2,0,0,1,0,0,1
795,HEsqda8_d0Q$_$22,HEsqda8_d0Q,2,0,0,1,0,0,1
796,HEsqda8_d0Q$_$23,HEsqda8_d0Q,2,0,0,1,0,0,1
797,HEsqda8_d0Q$_$28,HEsqda8_d0Q,2,0,0,1,0,0,1
798,HEsqda8_d0Q$_$29,HEsqda8_d0Q,2,0,0,1,0,0,1
799,HEsqda8_d0Q$_$1,HEsqda8_d0Q,2,0,0,1,0,0,1
800,HEsqda8_d0Q$_$3,HEsqda8_d0Q,2,0,0,1,0,0,1
801,HEsqda8_d0Q$_$2,HEsqda8_d0Q,2,0,0,1,0,0,1
802,HEsqda8_d0Q$_$5,HEsqda8_d0Q,2,0,0,1,0,0,1
803,HEsqda8_d0Q$_$4,HEsqda8_d0Q,2,0,0,1,0,0,1
804,HEsqda8_d0Q$_$7,HEsqda8_d0Q,2,0,0,1,0,0,1
805,HEsqda8_d0Q$_$6,HEsqda8_d0Q,2,0,0,1,0,0,1
806,HEsqda8_d0Q$_$9,HEsqda8_d0Q,2,0,0,1,0,0,1
807,HEsqda8_d0Q$_$8,HEsqda8_d0Q,2,0,0,1,0,0,1
808,HEsqda8_d0Q$_$11,HEsqda8_d0Q,2,0,0,1,0,0,1
809,HEsqda8_d0Q$_$10,HEsqda8_d0Q,2,0,0,1,0,0,1
810,HEsqda8_d0Q$_$13,HEsqda8_d0Q,2,0,0,1,0,0,1
811,HEsqda8_d0Q$_$12,HEsqda8_d0Q,2,0,0,1,0,0,1
812,HEsqda8_d0Q$_$15,HEsqda8_d0Q,2,0,0,1,0,0,1
813,HEsqda8_d0Q$_$14,HEsqda8_d0Q,2,0,0,1,0,0,1
814,HEsqda8_d0Q$_$17,HEsqda8_d0Q,2,0,0,1,0,0,1
815,HEsqda8_d0Q$_$16,HEsqda8_d0Q,2,0,0,1,0,0,1
816,HEsqda8_d0Q$_$19,HEsqda8_d0Q,2,0,0,1,0,0,1
817,HEsqda8_d0Q$_$18,HEsqda8_d0Q,2,0,0,1,0,0,1
818,HEsqda8_d0Q$_$31,HEsqda8_d0Q,2,0,0,1,0,0,1
819,HEsqda8_d0Q$_$30,HEsqda8_d0Q,2,0,0,1,0,0,1
820,HEsqda8_d0Q$_$34,HEsqda8_d0Q,2,0,0,1,0,0,1
821,HEsqda8_d0Q$_$33,HEsqda8_d0Q,2,0,0,1,0,0,1
822,HEsqda8_d0Q$_$32,HEsqda8_d0Q,2,0,0,1,0,0,1
823,I5y0__X72p0$_$24,I5y0__X72p0,0,0,0,0,0,0,0
824,I5y0__X72p0$_$25,I5y0__X72p0,0,0,0,0,0,0,0
825,I5y0__X72p0$_$26,I5y0__X72p0,0,0,0,0,0,0,0
826,I5y0__X72p0$_$27,I5y0__X72p0,0,0,0,0,0,0,0
827,I5y0__X72p0$_$20,I5y0__X72p0,0,0,0,0,0,0,0
828,I5y0__X72p0$_$21,I5y0__X72p0,0,0,0,0,0,0,0
829,I5y0__X72p0$_$22,I5y0__X72p0,0,0,0,0,0,0,0
830,I5y0__X72p0$_$23,I5y0__X72p0,0,0,0,0,0,0,0
831,I5y0__X72p0$_$28,I5y0__X72p0,0,0,0,0,0,0,0
832,I5y0__X72p0$_$29,I5y0__X72p0,0,0,0,0,0,0,0
833,I5y0__X72p0$_$1,I5y0__X72p0,0,0,0,0,0,0,0
834,I5y0__X72p0$_$3,I5y0__X72p0,0,0,0,0,0,0,0
835,I5y0__X72p0$_$2,I5y0__X72p0,0,0,0,0,0,0,0
836,I5y0__X72p0$_$5,I5y0__X72p0,0,0,0,0,0,0,0
837,I5y0__X72p0$_$4,I5y0__X72p0,0,0,0,0,0,0,0
838,I5y0__X72p0$_$7,I5y0__X72p0,0,0,0,0,0,0,0
839,I5y0__X72p0$_$6,I5y0__X72p0,0,0,0,0,0,0,0
840,I5y0__X72p0$_$9,I5y0__X72p0,0,0,0,0,0,0,0
841,I5y0__X72p0$_$8,I5y0__X72p0,0,0,0,0,0,0,0
842,I5y0__X72p0$_$39,I5y0__X72p0,0,0,0,0,0,0,0
843,I5y0__X72p0$_$38,I5y0__X72p0,0,0,0,0,0,0,0
844,I5y0__X72p0$_$11,I5y0__X72p0,0,0,0,0,0,0,0
845,I5y0__X72p0$_$10,I5y0__X72p0,0,0,0,0,0,0,0
846,I5y0__X72p0$_$13,I5y0__X72p0,0,0,0,0,0,0,0
847,I5y0__X72p0$_$12,I5y0__X72p0,0,0,0,0,0,0,0
848,I5y0__X72p0$_$15,I5y0__X72p0,0,0,0,0,0,0,0
849,I5y0__X72p0$_$14,I5y0__X72p0,0,0,0,0,0,0,0
850,I5y0__X72p0$_$17,I5y0__X72p0,0,0,0,0,0,0,0
851,I5y0__X72p0$_$16,I5y0__X72p0,0,0,0,0,0,0,0
852,I5y0__X72p0$_$19,I5y0__X72p0,0,0,0,0,0,0,0
853,I5y0__X72p0$_$18,I5y0__X72p0,0,0,0,0,0,0,0
854,I5y0__X72p0$_$31,I5y0__X72p0,0,0,0,0,0,0,0
855,I5y0__X72p0$_$30,I5y0__X72p0,0,0,0,0,0,0,0
856,I5y0__X72p0$_$37,I5y0__X72p0,0,0,0,0,0,0,0
857,I5y0__X72p0$_$36,I5y0__X72p0,0,0,0,0,0,0,0
858,I5y0__X72p0$_$35,I5y0__X72p0,0,0,0,0,0,0,0
859,I5y0__X72p0$_$34,I5y0__X72p0,0,0,0,0,0,0,0
860,I5y0__X72p0$_$33,I5y0__X72p0,0,0,0,0,0,0,0
861,I5y0__X72p0$_$32,I5y0__X72p0,0,0,0,0,0,0,0
862,Iu2PFX3z_1s$_$11,Iu2PFX3z_1s,4,1,1,0,0,0,0
863,Iu2PFX3z_1s$_$10,Iu2PFX3z_1s,4,1,1,0,0,0,0
864,Iu2PFX3z_1s$_$13,Iu2PFX3z_1s,4,1,1,0,0,0,0
865,Iu2PFX3z_1s$_$12,Iu2PFX3z_1s,4,1,1,0,0,0,0
866,Iu2PFX3z_1s$_$15,Iu2PFX3z_1s,4,1,1,0,0,0,0
867,Iu2PFX3z_1s$_$14,Iu2PFX3z_1s,4,1,1,0,0,0,0
868,Iu2PFX3z_1s$_$16,Iu2PFX3z_1s,4,1,1,0,0,0,0
869,Iu2PFX3z_1s$_$1,Iu2PFX3z_1s,4,1,1,0,0,0,0
870,Iu2PFX3z_1s$_$3,Iu2PFX3z_1s,4,1,1,0,0,0,0
871,Iu2PFX3z_1s$_$2,Iu2PFX3z_1s,4,1,1,0,0,0,0
872,Iu2PFX3z_1s$_$5,Iu2PFX3z_1s,4,1,1,0,0,0,0
873,Iu2PFX3z_1s$_$4,Iu2PFX3z_1s,4,1,1,0,0,0,0
874,Iu2PFX3z_1s$_$7,Iu2PFX3z_1s,4,1,1,0,0,0,0
875,Iu2PFX3z_1s$_$6,Iu2PFX3z_1s,4,1,1,0,0,0,0
876,Iu2PFX3z_1s$_$9,Iu2PFX3z_1s,4,1,1,0,0,0,0
877,Iu2PFX3z_1s$_$8,Iu2PFX3z_1s,4,1,1,0,0,0,0
878,IumbAb8q2dM$_$20,IumbAb8q2dM,3,0,0,0,1,0,0
879,IumbAb8q2dM$_$21,IumbAb8q2dM,3,0,0,0,1,0,0
880,IumbAb8q2dM$_$22,IumbAb8q2dM,3,0,0,0,1,0,0
881,IumbAb8q2dM$_$1,IumbAb8q2dM,3,0,0,0,1,0,0
882,IumbAb8q2dM$_$3,IumbAb8q2dM,3,0,0,0,1,0,0
883,IumbAb8q2dM$_$2,IumbAb8q2dM,3,0,0,0,1,0,0
884,IumbAb8q2dM$_$5,IumbAb8q2dM,3,0,0,0,1,0,0
885,IumbAb8q2dM$_$4,IumbAb8q2dM,3,0,0,0,1,0,0
886,IumbAb8q2dM$_$7,IumbAb8q2dM,3,0,0,0,1,0,0
887,IumbAb8q2dM$_$6,IumbAb8q2dM,3,0,0,0,1,0,0
888,IumbAb8q2dM$_$9,IumbAb8q2dM,3,0,0,0,1,0,0
889,IumbAb8q2dM$_$8,IumbAb8q2dM,3,0,0,0,1,0,0
890,IumbAb8q2dM$_$11,IumbAb8q2dM,3,0,0,0,1,0,0
891,IumbAb8q2dM$_$10,IumbAb8q2dM,3,0,0,0,1,0,0
892,IumbAb8q2dM$_$13,IumbAb8q2dM,3,0,0,0,1,0,0
893,IumbAb8q2dM$_$12,IumbAb8q2dM,3,0,0,0,1,0,0
894,IumbAb8q2dM$_$15,IumbAb8q2dM,3,0,0,0,1,0,0
895,IumbAb8q2dM$_$14,IumbAb8q2dM,3,0,0,0,1,0,0
896,IumbAb8q2dM$_$17,IumbAb8q2dM,3,0,0,0,1,0,0
897,IumbAb8q2dM$_$16,IumbAb8q2dM,3,0,0,0,1,0,0
898,IumbAb8q2dM$_$19,IumbAb8q2dM,3,0,0,0,1,0,0
899,IumbAb8q2dM$_$18,IumbAb8q2dM,3,0,0,0,1,0,0
900,Jkswaaud0hk$_$11,Jkswaaud0hk,0,0,0,0,0,0,0
901,Jkswaaud0hk$_$10,Jkswaaud0hk,0,0,0,0,0,0,0
902,Jkswaaud0hk$_$13,Jkswaaud0hk,0,0,0,0,0,0,0
903,Jkswaaud0hk$_$12,Jkswaaud0hk,0,0,0,0,0,0,0
904,Jkswaaud0hk$_$15,Jkswaaud0hk,0,0,0,0,0,0,0
905,Jkswaaud0hk$_$14,Jkswaaud0hk,0,0,0,0,0,0,0
906,Jkswaaud0hk$_$17,Jkswaaud0hk,0,0,0,0,0,0,0
907,Jkswaaud0hk$_$16,Jkswaaud0hk,0,0,0,0,0,0,0
908,Jkswaaud0hk$_$19,Jkswaaud0hk,0,0,0,0,0,0,0
909,Jkswaaud0hk$_$18,Jkswaaud0hk,0,0,0,0,0,0,0
910,Jkswaaud0hk$_$20,Jkswaaud0hk,0,0,0,0,0,0,0
911,Jkswaaud0hk$_$1,Jkswaaud0hk,0,0,0,0,0,0,0
912,Jkswaaud0hk$_$3,Jkswaaud0hk,0,0,0,0,0,0,0
913,Jkswaaud0hk$_$2,Jkswaaud0hk,0,0,0,0,0,0,0
914,Jkswaaud0hk$_$5,Jkswaaud0hk,0,0,0,0,0,0,0
915,Jkswaaud0hk$_$4,Jkswaaud0hk,0,0,0,0,0,0,0
916,Jkswaaud0hk$_$7,Jkswaaud0hk,0,0,0,0,0,0,0
917,Jkswaaud0hk$_$6,Jkswaaud0hk,0,0,0,0,0,0,0
918,Jkswaaud0hk$_$9,Jkswaaud0hk,0,0,0,0,0,0,0
919,Jkswaaud0hk$_$8,Jkswaaud0hk,0,0,0,0,0,0,0
920,LSi-o-IrDMs$_$24,LSi-o-IrDMs,1,1,0,0,0,0,0
921,LSi-o-IrDMs$_$25,LSi-o-IrDMs,1,1,0,0,0,0,0
922,LSi-o-IrDMs$_$26,LSi-o-IrDMs,1,1,0,0,0,0,0
923,LSi-o-IrDMs$_$27,LSi-o-IrDMs,1,1,0,0,0,0,0
924,LSi-o-IrDMs$_$20,LSi-o-IrDMs,1,1,0,0,0,0,0
925,LSi-o-IrDMs$_$21,LSi-o-IrDMs,1,1,0,0,0,0,0
926,LSi-o-IrDMs$_$22,LSi-o-IrDMs,1,1,0,0,0,0,0
927,LSi-o-IrDMs$_$23,LSi-o-IrDMs,1,1,0,0,0,0,0
928,LSi-o-IrDMs$_$28,LSi-o-IrDMs,1,1,0,0,0,0,0
929,LSi-o-IrDMs$_$29,LSi-o-IrDMs,1,1,0,0,0,0,0
930,LSi-o-IrDMs$_$1,LSi-o-IrDMs,1,1,0,0,0,0,0
931,LSi-o-IrDMs$_$3,LSi-o-IrDMs,1,1,0,0,0,0,0
932,LSi-o-IrDMs$_$2,LSi-o-IrDMs,1,1,0,0,0,0,0
933,LSi-o-IrDMs$_$5,LSi-o-IrDMs,1,1,0,0,0,0,0
934,LSi-o-IrDMs$_$4,LSi-o-IrDMs,1,1,0,0,0,0,0
935,LSi-o-IrDMs$_$7,LSi-o-IrDMs,1,1,0,0,0,0,0
936,LSi-o-IrDMs$_$6,LSi-o-IrDMs,1,1,0,0,0,0,0
937,LSi-o-IrDMs$_$9,LSi-o-IrDMs,1,1,0,0,0,0,0
938,LSi-o-IrDMs$_$8,LSi-o-IrDMs,1,1,0,0,0,0,0
939,LSi-o-IrDMs$_$11,LSi-o-IrDMs,1,1,0,0,0,0,0
940,LSi-o-IrDMs$_$10,LSi-o-IrDMs,1,1,0,0,0,0,0
941,LSi-o-IrDMs$_$13,LSi-o-IrDMs,1,1,0,0,0,0,0
942,LSi-o-IrDMs$_$12,LSi-o-IrDMs,1,1,0,0,0,0,0
943,LSi-o-IrDMs$_$15,LSi-o-IrDMs,1,1,0,0,0,0,0
944,LSi-o-IrDMs$_$14,LSi-o-IrDMs,1,1,0,0,0,0,0
945,LSi-o-IrDMs$_$17,LSi-o-IrDMs,1,1,0,0,0,0,0
946,LSi-o-IrDMs$_$16,LSi-o-IrDMs,1,1,0,0,0,0,0
947,LSi-o-IrDMs$_$19,LSi-o-IrDMs,1,1,0,0,0,0,0
948,LSi-o-IrDMs$_$18,LSi-o-IrDMs,1,1,0,0,0,0,0
949,MLal-t_vJPM$_$11,MLal-t_vJPM,0,1,1,0,0,0,0
950,MLal-t_vJPM$_$10,MLal-t_vJPM,0,1,1,0,0,0,0
951,MLal-t_vJPM$_$13,MLal-t_vJPM,0,1,1,0,0,0,0
952,MLal-t_vJPM$_$12,MLal-t_vJPM,0,1,1,0,0,0,0
953,MLal-t_vJPM$_$15,MLal-t_vJPM,0,1,1,0,0,0,0
954,MLal-t_vJPM$_$14,MLal-t_vJPM,0,1,1,0,0,0,0
955,MLal-t_vJPM$_$17,MLal-t_vJPM,0,1,1,0,0,0,0
956,MLal-t_vJPM$_$16,MLal-t_vJPM,0,1,1,0,0,0,0
957,MLal-t_vJPM$_$18,MLal-t_vJPM,0,1,1,0,0,0,0
958,MLal-t_vJPM$_$1,MLal-t_vJPM,0,1,1,0,0,0,0
959,MLal-t_vJPM$_$3,MLal-t_vJPM,0,1,1,0,0,0,0
960,MLal-t_vJPM$_$2,MLal-t_vJPM,0,1,1,0,0,0,0
961,MLal-t_vJPM$_$5,MLal-t_vJPM,0,1,1,0,0,0,0
962,MLal-t_vJPM$_$4,MLal-t_vJPM,0,1,1,0,0,0,0
963,MLal-t_vJPM$_$7,MLal-t_vJPM,0,1,1,0,0,0,0
964,MLal-t_vJPM$_$6,MLal-t_vJPM,0,1,1,0,0,0,0
965,MLal-t_vJPM$_$9,MLal-t_vJPM,0,1,1,0,0,0,0
966,MLal-t_vJPM$_$8,MLal-t_vJPM,0,1,1,0,0,0,0
967,Njd1F0vZSm4$_$11,Njd1F0vZSm4,1,1,0,0,1,0,0
968,Njd1F0vZSm4$_$10,Njd1F0vZSm4,1,1,0,0,1,0,0
969,Njd1F0vZSm4$_$13,Njd1F0vZSm4,1,1,0,0,1,0,0
970,Njd1F0vZSm4$_$12,Njd1F0vZSm4,1,1,0,0,1,0,0
971,Njd1F0vZSm4$_$1,Njd1F0vZSm4,1,1,0,0,1,0,0
972,Njd1F0vZSm4$_$3,Njd1F0vZSm4,1,1,0,0,1,0,0
973,Njd1F0vZSm4$_$2,Njd1F0vZSm4,1,1,0,0,1,0,0
974,Njd1F0vZSm4$_$5,Njd1F0vZSm4,1,1,0,0,1,0,0
975,Njd1F0vZSm4$_$4,Njd1F0vZSm4,1,1,0,0,1,0,0
976,Njd1F0vZSm4$_$7,Njd1F0vZSm4,1,1,0,0,1,0,0
977,Njd1F0vZSm4$_$6,Njd1F0vZSm4,1,1,0,0,1,0,0
978,Njd1F0vZSm4$_$9,Njd1F0vZSm4,1,1,0,0,1,0,0
979,Njd1F0vZSm4$_$8,Njd1F0vZSm4,1,1,0,0,1,0,0
980,Nzq88NnDkEk$_$24,Nzq88NnDkEk,4,1,0,0,0,1,0
981,Nzq88NnDkEk$_$25,Nzq88NnDkEk,4,1,0,0,0,1,0
982,Nzq88NnDkEk$_$26,Nzq88NnDkEk,4,1,0,0,0,1,0
983,Nzq88NnDkEk$_$27,Nzq88NnDkEk,4,1,0,0,0,1,0
984,Nzq88NnDkEk$_$20,Nzq88NnDkEk,4,1,0,0,0,1,0
985,Nzq88NnDkEk$_$21,Nzq88NnDkEk,4,1,0,0,0,1,0
986,Nzq88NnDkEk$_$22,Nzq88NnDkEk,4,1,0,0,0,1,0
987,Nzq88NnDkEk$_$23,Nzq88NnDkEk,4,1,0,0,0,1,0
988,Nzq88NnDkEk$_$28,Nzq88NnDkEk,4,1,0,0,0,1,0
989,Nzq88NnDkEk$_$29,Nzq88NnDkEk,4,1,0,0,0,1,0
990,Nzq88NnDkEk$_$1,Nzq88NnDkEk,4,1,0,0,0,1,0
991,Nzq88NnDkEk$_$3,Nzq88NnDkEk,4,1,0,0,0,1,0
992,Nzq88NnDkEk$_$2,Nzq88NnDkEk,4,1,0,0,0,1,0
993,Nzq88NnDkEk$_$5,Nzq88NnDkEk,4,1,0,0,0,1,0
994,Nzq88NnDkEk$_$4,Nzq88NnDkEk,4,1,0,0,0,1,0
995,Nzq88NnDkEk$_$7,Nzq88NnDkEk,4,1,0,0,0,1,0
996,Nzq88NnDkEk$_$6,Nzq88NnDkEk,4,1,0,0,0,1,0
997,Nzq88NnDkEk$_$9,Nzq88NnDkEk,4,1,0,0,0,1,0
998,Nzq88NnDkEk$_$8,Nzq88NnDkEk,4,1,0,0,0,1,0
999,Nzq88NnDkEk$_$11,Nzq88NnDkEk,4,1,0,0,0,1,0
1000,Nzq88NnDkEk$_$10,Nzq88NnDkEk,4,1,0,0,0,1,0
1001,Nzq88NnDkEk$_$13,Nzq88NnDkEk,4,1,0,0,0,1,0
1002,Nzq88NnDkEk$_$12,Nzq88NnDkEk,4,1,0,0,0,1,0
1003,Nzq88NnDkEk$_$15,Nzq88NnDkEk,4,1,0,0,0,1,0
1004,Nzq88NnDkEk$_$14,Nzq88NnDkEk,4,1,0,0,0,1,0
1005,Nzq88NnDkEk$_$17,Nzq88NnDkEk,4,1,0,0,0,1,0
1006,Nzq88NnDkEk$_$16,Nzq88NnDkEk,4,1,0,0,0,1,0
1007,Nzq88NnDkEk$_$19,Nzq88NnDkEk,4,1,0,0,0,1,0
1008,Nzq88NnDkEk$_$18,Nzq88NnDkEk,4,1,0,0,0,1,0
1009,Nzq88NnDkEk$_$31,Nzq88NnDkEk,4,1,0,0,0,1,0
1010,Nzq88NnDkEk$_$30,Nzq88NnDkEk,4,1,0,0,0,1,0
1011,Nzq88NnDkEk$_$32,Nzq88NnDkEk,4,1,0,0,0,1,0
1012,OQvJTdtJ2H4$_$11,OQvJTdtJ2H4,4,0,0,0,0,0,0
1013,OQvJTdtJ2H4$_$10,OQvJTdtJ2H4,4,0,0,0,0,0,0
1014,OQvJTdtJ2H4$_$13,OQvJTdtJ2H4,4,0,0,0,0,0,0
1015,OQvJTdtJ2H4$_$12,OQvJTdtJ2H4,4,0,0,0,0,0,0
1016,OQvJTdtJ2H4$_$15,OQvJTdtJ2H4,4,0,0,0,0,0,0
1017,OQvJTdtJ2H4$_$14,OQvJTdtJ2H4,4,0,0,0,0,0,0
1018,OQvJTdtJ2H4$_$16,OQvJTdtJ2H4,4,0,0,0,0,0,0
1019,OQvJTdtJ2H4$_$1,OQvJTdtJ2H4,4,0,0,0,0,0,0
1020,OQvJTdtJ2H4$_$3,OQvJTdtJ2H4,4,0,0,0,0,0,0
1021,OQvJTdtJ2H4$_$2,OQvJTdtJ2H4,4,0,0,0,0,0,0
1022,OQvJTdtJ2H4$_$5,OQvJTdtJ2H4,4,0,0,0,0,0,0
1023,OQvJTdtJ2H4$_$4,OQvJTdtJ2H4,4,0,0,0,0,0,0
1024,OQvJTdtJ2H4$_$7,OQvJTdtJ2H4,4,0,0,0,0,0,0
1025,OQvJTdtJ2H4$_$6,OQvJTdtJ2H4,4,0,0,0,0,0,0
1026,OQvJTdtJ2H4$_$9,OQvJTdtJ2H4,4,0,0,0,0,0,0
1027,OQvJTdtJ2H4$_$8,OQvJTdtJ2H4,4,0,0,0,0,0,0
1028,OtBXNcAL_lE$_$24,OtBXNcAL_lE,4,0,0,0,0,0,0
1029,OtBXNcAL_lE$_$20,OtBXNcAL_lE,4,0,0,0,0,0,0
1030,OtBXNcAL_lE$_$21,OtBXNcAL_lE,4,0,0,0,0,0,0
1031,OtBXNcAL_lE$_$22,OtBXNcAL_lE,4,0,0,0,0,0,0
1032,OtBXNcAL_lE$_$23,OtBXNcAL_lE,4,0,0,0,0,0,0
1033,OtBXNcAL_lE$_$1,OtBXNcAL_lE,4,0,0,0,0,0,0
1034,OtBXNcAL_lE$_$3,OtBXNcAL_lE,4,0,0,0,0,0,0
1035,OtBXNcAL_lE$_$2,OtBXNcAL_lE,4,0,0,0,0,0,0
1036,OtBXNcAL_lE$_$5,OtBXNcAL_lE,4,0,0,0,0,0,0
1037,OtBXNcAL_lE$_$4,OtBXNcAL_lE,4,0,0,0,0,0,0
1038,OtBXNcAL_lE$_$7,OtBXNcAL_lE,4,0,0,0,0,0,0
1039,OtBXNcAL_lE$_$6,OtBXNcAL_lE,4,0,0,0,0,0,0
1040,OtBXNcAL_lE$_$9,OtBXNcAL_lE,4,0,0,0,0,0,0
1041,OtBXNcAL_lE$_$8,OtBXNcAL_lE,4,0,0,0,0,0,0
1042,OtBXNcAL_lE$_$11,OtBXNcAL_lE,4,0,0,0,0,0,0
1043,OtBXNcAL_lE$_$10,OtBXNcAL_lE,4,0,0,0,0,0,0
1044,OtBXNcAL_lE$_$13,OtBXNcAL_lE,4,0,0,0,0,0,0
1045,OtBXNcAL_lE$_$12,OtBXNcAL_lE,4,0,0,0,0,0,0
1046,OtBXNcAL_lE$_$15,OtBXNcAL_lE,4,0,0,0,0,0,0
1047,OtBXNcAL_lE$_$14,OtBXNcAL_lE,4,0,0,0,0,0,0
1048,OtBXNcAL_lE$_$17,OtBXNcAL_lE,4,0,0,0,0,0,0
1049,OtBXNcAL_lE$_$16,OtBXNcAL_lE,4,0,0,0,0,0,0
1050,OtBXNcAL_lE$_$19,OtBXNcAL_lE,4,0,0,0,0,0,0
1051,OtBXNcAL_lE$_$18,OtBXNcAL_lE,4,0,0,0,0,0,0
1052,Oz06ZWiO20M$_$24,Oz06ZWiO20M,4,1,0,0,0,0,0
1053,Oz06ZWiO20M$_$25,Oz06ZWiO20M,4,1,0,0,0,0,0
1054,Oz06ZWiO20M$_$20,Oz06ZWiO20M,4,1,0,0,0,0,0
1055,Oz06ZWiO20M$_$21,Oz06ZWiO20M,4,1,0,0,0,0,0
1056,Oz06ZWiO20M$_$22,Oz06ZWiO20M,4,1,0,0,0,0,0
1057,Oz06ZWiO20M$_$23,Oz06ZWiO20M,4,1,0,0,0,0,0
1058,Oz06ZWiO20M$_$1,Oz06ZWiO20M,4,1,0,0,0,0,0
1059,Oz06ZWiO20M$_$3,Oz06ZWiO20M,4,1,0,0,0,0,0
1060,Oz06ZWiO20M$_$2,Oz06ZWiO20M,4,1,0,0,0,0,0
1061,Oz06ZWiO20M$_$5,Oz06ZWiO20M,4,1,0,0,0,0,0
1062,Oz06ZWiO20M$_$4,Oz06ZWiO20M,4,1,0,0,0,0,0
1063,Oz06ZWiO20M$_$7,Oz06ZWiO20M,4,1,0,0,0,0,0
1064,Oz06ZWiO20M$_$6,Oz06ZWiO20M,4,1,0,0,0,0,0
1065,Oz06ZWiO20M$_$9,Oz06ZWiO20M,4,1,0,0,0,0,0
1066,Oz06ZWiO20M$_$8,Oz06ZWiO20M,4,1,0,0,0,0,0
1067,Oz06ZWiO20M$_$11,Oz06ZWiO20M,4,1,0,0,0,0,0
1068,Oz06ZWiO20M$_$10,Oz06ZWiO20M,4,1,0,0,0,0,0
1069,Oz06ZWiO20M$_$13,Oz06ZWiO20M,4,1,0,0,0,0,0
1070,Oz06ZWiO20M$_$12,Oz06ZWiO20M,4,1,0,0,0,0,0
1071,Oz06ZWiO20M$_$15,Oz06ZWiO20M,4,1,0,0,0,0,0
1072,Oz06ZWiO20M$_$14,Oz06ZWiO20M,4,1,0,0,0,0,0
1073,Oz06ZWiO20M$_$17,Oz06ZWiO20M,4,1,0,0,0,0,0
1074,Oz06ZWiO20M$_$16,Oz06ZWiO20M,4,1,0,0,0,0,0
1075,Oz06ZWiO20M$_$19,Oz06ZWiO20M,4,1,0,0,0,0,0
1076,Oz06ZWiO20M$_$18,Oz06ZWiO20M,4,1,0,0,0,0,0
1077,POKffnXeBds$_$11,POKffnXeBds,0,1,0,0,0,0,0
1078,POKffnXeBds$_$10,POKffnXeBds,0,1,0,0,0,0,0
1079,POKffnXeBds$_$13,POKffnXeBds,0,1,0,0,0,0,0
1080,POKffnXeBds$_$12,POKffnXeBds,0,1,0,0,0,0,0
1081,POKffnXeBds$_$1,POKffnXeBds,0,1,0,0,0,0,0
1082,POKffnXeBds$_$3,POKffnXeBds,0,1,0,0,0,0,0
1083,POKffnXeBds$_$2,POKffnXeBds,0,1,0,0,0,0,0
1084,POKffnXeBds$_$5,POKffnXeBds,0,1,0,0,0,0,0
1085,POKffnXeBds$_$4,POKffnXeBds,0,1,0,0,0,0,0
1086,POKffnXeBds$_$7,POKffnXeBds,0,1,0,0,0,0,0
1087,POKffnXeBds$_$6,POKffnXeBds,0,1,0,0,0,0,0
1088,POKffnXeBds$_$9,POKffnXeBds,0,1,0,0,0,0,0
1089,POKffnXeBds$_$8,POKffnXeBds,0,1,0,0,0,0,0
1090,PZ-lDQFboO8$_$11,PZ-lDQFboO8,3,0,0,0,0,0,0
1091,PZ-lDQFboO8$_$10,PZ-lDQFboO8,3,0,0,0,0,0,0
1092,PZ-lDQFboO8$_$12,PZ-lDQFboO8,3,0,0,0,0,0,0
1093,PZ-lDQFboO8$_$1,PZ-lDQFboO8,3,0,0,0,0,0,0
1094,PZ-lDQFboO8$_$3,PZ-lDQFboO8,3,0,0,0,0,0,0
1095,PZ-lDQFboO8$_$2,PZ-lDQFboO8,3,0,0,0,0,0,0
1096,PZ-lDQFboO8$_$5,PZ-lDQFboO8,3,0,0,0,0,0,0
1097,PZ-lDQFboO8$_$4,PZ-lDQFboO8,3,0,0,0,0,0,0
1098,PZ-lDQFboO8$_$7,PZ-lDQFboO8,3,0,0,0,0,0,0
1099,PZ-lDQFboO8$_$6,PZ-lDQFboO8,3,0,0,0,0,0,0
1100,PZ-lDQFboO8$_$9,PZ-lDQFboO8,3,0,0,0,0,0,0
1101,PZ-lDQFboO8$_$8,PZ-lDQFboO8,3,0,0,0,0,0,0
1102,QN9ZIUWUXsY$_$11,QN9ZIUWUXsY,2,1,0,0,0,0,0
1103,QN9ZIUWUXsY$_$10,QN9ZIUWUXsY,2,1,0,0,0,0,0
1104,QN9ZIUWUXsY$_$13,QN9ZIUWUXsY,2,1,0,0,0,0,0
1105,QN9ZIUWUXsY$_$12,QN9ZIUWUXsY,2,1,0,0,0,0,0
1106,QN9ZIUWUXsY$_$15,QN9ZIUWUXsY,2,1,0,0,0,0,0
1107,QN9ZIUWUXsY$_$14,QN9ZIUWUXsY,2,1,0,0,0,0,0
1108,QN9ZIUWUXsY$_$17,QN9ZIUWUXsY,2,1,0,0,0,0,0
1109,QN9ZIUWUXsY$_$16,QN9ZIUWUXsY,2,1,0,0,0,0,0
1110,QN9ZIUWUXsY$_$18,QN9ZIUWUXsY,2,1,0,0,0,0,0
1111,QN9ZIUWUXsY$_$1,QN9ZIUWUXsY,2,1,0,0,0,0,0
1112,QN9ZIUWUXsY$_$3,QN9ZIUWUXsY,2,1,0,0,0,0,0
1113,QN9ZIUWUXsY$_$2,QN9ZIUWUXsY,2,1,0,0,0,0,0
1114,QN9ZIUWUXsY$_$5,QN9ZIUWUXsY,2,1,0,0,0,0,0
1115,QN9ZIUWUXsY$_$4,QN9ZIUWUXsY,2,1,0,0,0,0,0
1116,QN9ZIUWUXsY$_$7,QN9ZIUWUXsY,2,1,0,0,0,0,0
1117,QN9ZIUWUXsY$_$6,QN9ZIUWUXsY,2,1,0,0,0,0,0
1118,QN9ZIUWUXsY$_$9,QN9ZIUWUXsY,2,1,0,0,0,0,0
1119,QN9ZIUWUXsY$_$8,QN9ZIUWUXsY,2,1,0,0,0,0,0
1120,Qr1Ca94K55A$_$11,Qr1Ca94K55A,1,1,0,0,0,1,0
1121,Qr1Ca94K55A$_$10,Qr1Ca94K55A,1,1,0,0,0,1,0
1122,Qr1Ca94K55A$_$13,Qr1Ca94K55A,1,1,0,0,0,1,0
1123,Qr1Ca94K55A$_$12,Qr1Ca94K55A,1,1,0,0,0,1,0
1124,Qr1Ca94K55A$_$14,Qr1Ca94K55A,1,1,0,0,0,1,0
1125,Qr1Ca94K55A$_$1,Qr1Ca94K55A,1,1,0,0,0,1,0
1126,Qr1Ca94K55A$_$3,Qr1Ca94K55A,1,1,0,0,0,1,0
1127,Qr1Ca94K55A$_$2,Qr1Ca94K55A,1,1,0,0,0,1,0
1128,Qr1Ca94K55A$_$5,Qr1Ca94K55A,1,1,0,0,0,1,0
1129,Qr1Ca94K55A$_$4,Qr1Ca94K55A,1,1,0,0,0,1,0
1130,Qr1Ca94K55A$_$7,Qr1Ca94K55A,1,1,0,0,0,1,0
1131,Qr1Ca94K55A$_$6,Qr1Ca94K55A,1,1,0,0,0,1,0
1132,Qr1Ca94K55A$_$9,Qr1Ca94K55A,1,1,0,0,0,1,0
1133,Qr1Ca94K55A$_$8,Qr1Ca94K55A,1,1,0,0,0,1,0
1134,Sqr0AcuoNnk$_$20,Sqr0AcuoNnk,1,1,0,0,1,0,0
1135,Sqr0AcuoNnk$_$21,Sqr0AcuoNnk,1,1,0,0,1,0,0
1136,Sqr0AcuoNnk$_$22,Sqr0AcuoNnk,1,1,0,0,1,0,0
1137,Sqr0AcuoNnk$_$1,Sqr0AcuoNnk,1,1,0,0,1,0,0
1138,Sqr0AcuoNnk$_$3,Sqr0AcuoNnk,1,1,0,0,1,0,0
1139,Sqr0AcuoNnk$_$2,Sqr0AcuoNnk,1,1,0,0,1,0,0
1140,Sqr0AcuoNnk$_$5,Sqr0AcuoNnk,1,1,0,0,1,0,0
1141,Sqr0AcuoNnk$_$4,Sqr0AcuoNnk,1,1,0,0,1,0,0
1142,Sqr0AcuoNnk$_$7,Sqr0AcuoNnk,1,1,0,0,1,0,0
1143,Sqr0AcuoNnk$_$6,Sqr0AcuoNnk,1,1,0,0,1,0,0
1144,Sqr0AcuoNnk$_$9,Sqr0AcuoNnk,1,1,0,0,1,0,0
1145,Sqr0AcuoNnk$_$8,Sqr0AcuoNnk,1,1,0,0,1,0,0
1146,Sqr0AcuoNnk$_$11,Sqr0AcuoNnk,1,1,0,0,1,0,0
1147,Sqr0AcuoNnk$_$10,Sqr0AcuoNnk,1,1,0,0,1,0,0
1148,Sqr0AcuoNnk$_$13,Sqr0AcuoNnk,1,1,0,0,1,0,0
1149,Sqr0AcuoNnk$_$12,Sqr0AcuoNnk,1,1,0,0,1,0,0
1150,Sqr0AcuoNnk$_$15,Sqr0AcuoNnk,1,1,0,0,1,0,0
1151,Sqr0AcuoNnk$_$14,Sqr0AcuoNnk,1,1,0,0,1,0,0
1152,Sqr0AcuoNnk$_$17,Sqr0AcuoNnk,1,1,0,0,1,0,0
1153,Sqr0AcuoNnk$_$16,Sqr0AcuoNnk,1,1,0,0,1,0,0
1154,Sqr0AcuoNnk$_$19,Sqr0AcuoNnk,1,1,0,0,1,0,0
1155,Sqr0AcuoNnk$_$18,Sqr0AcuoNnk,1,1,0,0,1,0,0
1156,TvyZBvOMOTc$_$11,TvyZBvOMOTc,0,0,0,0,0,0,0
1157,TvyZBvOMOTc$_$10,TvyZBvOMOTc,0,0,0,0,0,0,0
1158,TvyZBvOMOTc$_$13,TvyZBvOMOTc,0,0,0,0,0,0,0
1159,TvyZBvOMOTc$_$12,TvyZBvOMOTc,0,0,0,0,0,0,0
1160,TvyZBvOMOTc$_$15,TvyZBvOMOTc,0,0,0,0,0,0,0
1161,TvyZBvOMOTc$_$14,TvyZBvOMOTc,0,0,0,0,0,0,0
1162,TvyZBvOMOTc$_$1,TvyZBvOMOTc,0,0,0,0,0,0,0
1163,TvyZBvOMOTc$_$3,TvyZBvOMOTc,0,0,0,0,0,0,0
1164,TvyZBvOMOTc$_$2,TvyZBvOMOTc,0,0,0,0,0,0,0
1165,TvyZBvOMOTc$_$5,TvyZBvOMOTc,0,0,0,0,0,0,0
1166,TvyZBvOMOTc$_$4,TvyZBvOMOTc,0,0,0,0,0,0,0
1167,TvyZBvOMOTc$_$7,TvyZBvOMOTc,0,0,0,0,0,0,0
1168,TvyZBvOMOTc$_$6,TvyZBvOMOTc,0,0,0,0,0,0,0
1169,TvyZBvOMOTc$_$9,TvyZBvOMOTc,0,0,0,0,0,0,0
1170,TvyZBvOMOTc$_$8,TvyZBvOMOTc,0,0,0,0,0,0,0
1171,VCslbP0mgZI$_$11,VCslbP0mgZI,4,1,0,0,0,0,1
1172,VCslbP0mgZI$_$10,VCslbP0mgZI,4,1,0,0,0,0,1
1173,VCslbP0mgZI$_$13,VCslbP0mgZI,4,1,0,0,0,0,1
1174,VCslbP0mgZI$_$12,VCslbP0mgZI,4,1,0,0,0,0,1
1175,VCslbP0mgZI$_$15,VCslbP0mgZI,4,1,0,0,0,0,1
1176,VCslbP0mgZI$_$14,VCslbP0mgZI,4,1,0,0,0,0,1
1177,VCslbP0mgZI$_$17,VCslbP0mgZI,4,1,0,0,0,0,1
1178,VCslbP0mgZI$_$16,VCslbP0mgZI,4,1,0,0,0,0,1
1179,VCslbP0mgZI$_$1,VCslbP0mgZI,4,1,0,0,0,0,1
1180,VCslbP0mgZI$_$3,VCslbP0mgZI,4,1,0,0,0,0,1
1181,VCslbP0mgZI$_$2,VCslbP0mgZI,4,1,0,0,0,0,1
1182,VCslbP0mgZI$_$5,VCslbP0mgZI,4,1,0,0,0,0,1
1183,VCslbP0mgZI$_$4,VCslbP0mgZI,4,1,0,0,0,0,1
1184,VCslbP0mgZI$_$7,VCslbP0mgZI,4,1,0,0,0,0,1
1185,VCslbP0mgZI$_$6,VCslbP0mgZI,4,1,0,0,0,0,1
1186,VCslbP0mgZI$_$9,VCslbP0mgZI,4,1,0,0,0,0,1
1187,VCslbP0mgZI$_$8,VCslbP0mgZI,4,1,0,0,0,0,1
1188,VbQk4H8hgr0$_$54,VbQk4H8hgr0,3,1,0,0,0,0,0
1189,VbQk4H8hgr0$_$42,VbQk4H8hgr0,3,1,0,0,0,0,0
1190,VbQk4H8hgr0$_$48,VbQk4H8hgr0,3,1,0,0,0,0,0
1191,VbQk4H8hgr0$_$43,VbQk4H8hgr0,3,1,0,0,0,0,0
1192,VbQk4H8hgr0$_$49,VbQk4H8hgr0,3,1,0,0,0,0,0
1193,VbQk4H8hgr0$_$52,VbQk4H8hgr0,3,1,0,0,0,0,0
1194,VbQk4H8hgr0$_$53,VbQk4H8hgr0,3,1,0,0,0,0,0
1195,VbQk4H8hgr0$_$24,VbQk4H8hgr0,3,1,0,0,0,0,0
1196,VbQk4H8hgr0$_$25,VbQk4H8hgr0,3,1,0,0,0,0,0
1197,VbQk4H8hgr0$_$26,VbQk4H8hgr0,3,1,0,0,0,0,0
1198,VbQk4H8hgr0$_$27,VbQk4H8hgr0,3,1,0,0,0,0,0
1199,VbQk4H8hgr0$_$20,VbQk4H8hgr0,3,1,0,0,0,0,0
1200,VbQk4H8hgr0$_$21,VbQk4H8hgr0,3,1,0,0,0,0,0
1201,VbQk4H8hgr0$_$22,VbQk4H8hgr0,3,1,0,0,0,0,0
1202,VbQk4H8hgr0$_$23,VbQk4H8hgr0,3,1,0,0,0,0,0
1203,VbQk4H8hgr0$_$46,VbQk4H8hgr0,3,1,0,0,0,0,0
1204,VbQk4H8hgr0$_$47,VbQk4H8hgr0,3,1,0,0,0,0,0
1205,VbQk4H8hgr0$_$44,VbQk4H8hgr0,3,1,0,0,0,0,0
1206,VbQk4H8hgr0$_$45,VbQk4H8hgr0,3,1,0,0,0,0,0
1207,VbQk4H8hgr0$_$28,VbQk4H8hgr0,3,1,0,0,0,0,0
1208,VbQk4H8hgr0$_$29,VbQk4H8hgr0,3,1,0,0,0,0,0
1209,VbQk4H8hgr0$_$40,VbQk4H8hgr0,3,1,0,0,0,0,0
1210,VbQk4H8hgr0$_$41,VbQk4H8hgr0,3,1,0,0,0,0,0
1211,VbQk4H8hgr0$_$1,VbQk4H8hgr0,3,1,0,0,0,0,0
1212,VbQk4H8hgr0$_$3,VbQk4H8hgr0,3,1,0,0,0,0,0
1213,VbQk4H8hgr0$_$2,VbQk4H8hgr0,3,1,0,0,0,0,0
1214,VbQk4H8hgr0$_$5,VbQk4H8hgr0,3,1,0,0,0,0,0
1215,VbQk4H8hgr0$_$4,VbQk4H8hgr0,3,1,0,0,0,0,0
1216,VbQk4H8hgr0$_$7,VbQk4H8hgr0,3,1,0,0,0,0,0
1217,VbQk4H8hgr0$_$6,VbQk4H8hgr0,3,1,0,0,0,0,0
1218,VbQk4H8hgr0$_$9,VbQk4H8hgr0,3,1,0,0,0,0,0
1219,VbQk4H8hgr0$_$8,VbQk4H8hgr0,3,1,0,0,0,0,0
1220,VbQk4H8hgr0$_$51,VbQk4H8hgr0,3,1,0,0,0,0,0
1221,VbQk4H8hgr0$_$39,VbQk4H8hgr0,3,1,0,0,0,0,0
1222,VbQk4H8hgr0$_$38,VbQk4H8hgr0,3,1,0,0,0,0,0
1223,VbQk4H8hgr0$_$11,VbQk4H8hgr0,3,1,0,0,0,0,0
1224,VbQk4H8hgr0$_$10,VbQk4H8hgr0,3,1,0,0,0,0,0
1225,VbQk4H8hgr0$_$13,VbQk4H8hgr0,3,1,0,0,0,0,0
1226,VbQk4H8hgr0$_$12,VbQk4H8hgr0,3,1,0,0,0,0,0
1227,VbQk4H8hgr0$_$15,VbQk4H8hgr0,3,1,0,0,0,0,0
1228,VbQk4H8hgr0$_$14,VbQk4H8hgr0,3,1,0,0,0,0,0
1229,VbQk4H8hgr0$_$17,VbQk4H8hgr0,3,1,0,0,0,0,0
1230,VbQk4H8hgr0$_$16,VbQk4H8hgr0,3,1,0,0,0,0,0
1231,VbQk4H8hgr0$_$19,VbQk4H8hgr0,3,1,0,0,0,0,0
1232,VbQk4H8hgr0$_$18,VbQk4H8hgr0,3,1,0,0,0,0,0
1233,VbQk4H8hgr0$_$31,VbQk4H8hgr0,3,1,0,0,0,0,0
1234,VbQk4H8hgr0$_$30,VbQk4H8hgr0,3,1,0,0,0,0,0
1235,VbQk4H8hgr0$_$37,VbQk4H8hgr0,3,1,0,0,0,0,0
1236,VbQk4H8hgr0$_$36,VbQk4H8hgr0,3,1,0,0,0,0,0
1237,VbQk4H8hgr0$_$35,VbQk4H8hgr0,3,1,0,0,0,0,0
1238,VbQk4H8hgr0$_$34,VbQk4H8hgr0,3,1,0,0,0,0,0
1239,VbQk4H8hgr0$_$33,VbQk4H8hgr0,3,1,0,0,0,0,0
1240,VbQk4H8hgr0$_$55,VbQk4H8hgr0,3,1,0,0,0,0,0
1241,VbQk4H8hgr0$_$32,VbQk4H8hgr0,3,1,0,0,0,0,0
1242,VbQk4H8hgr0$_$50,VbQk4H8hgr0,3,1,0,0,0,0,0
1243,Vj1wYRQjB-o$_$1,Vj1wYRQjB-o,2,0,0,0,0,0,0
1244,Vj1wYRQjB-o$_$3,Vj1wYRQjB-o,2,0,0,0,0,0,0
1245,Vj1wYRQjB-o$_$2,Vj1wYRQjB-o,2,0,0,0,0,0,0
1246,Vj1wYRQjB-o$_$5,Vj1wYRQjB-o,2,0,0,0,0,0,0
1247,Vj1wYRQjB-o$_$4,Vj1wYRQjB-o,2,0,0,0,0,0,0
1248,Vj1wYRQjB-o$_$7,Vj1wYRQjB-o,2,0,0,0,0,0,0
1249,Vj1wYRQjB-o$_$6,Vj1wYRQjB-o,2,0,0,0,0,0,0
1250,Vj1wYRQjB-o$_$9,Vj1wYRQjB-o,2,0,0,0,0,0,0
1251,Vj1wYRQjB-o$_$8,Vj1wYRQjB-o,2,0,0,0,0,0,0
1252,W8NXH0Djyww$_$24,W8NXH0Djyww,2,0,0,0,0,0,0
1253,W8NXH0Djyww$_$25,W8NXH0Djyww,2,0,0,0,0,0,0
1254,W8NXH0Djyww$_$26,W8NXH0Djyww,2,0,0,0,0,0,0
1255,W8NXH0Djyww$_$27,W8NXH0Djyww,2,0,0,0,0,0,0
1256,W8NXH0Djyww$_$20,W8NXH0Djyww,2,0,0,0,0,0,0
1257,W8NXH0Djyww$_$21,W8NXH0Djyww,2,0,0,0,0,0,0
1258,W8NXH0Djyww$_$22,W8NXH0Djyww,2,0,0,0,0,0,0
1259,W8NXH0Djyww$_$23,W8NXH0Djyww,2,0,0,0,0,0,0
1260,W8NXH0Djyww$_$28,W8NXH0Djyww,2,0,0,0,0,0,0
1261,W8NXH0Djyww$_$29,W8NXH0Djyww,2,0,0,0,0,0,0
1262,W8NXH0Djyww$_$1,W8NXH0Djyww,2,0,0,0,0,0,0
1263,W8NXH0Djyww$_$3,W8NXH0Djyww,2,0,0,0,0,0,0
1264,W8NXH0Djyww$_$2,W8NXH0Djyww,2,0,0,0,0,0,0
1265,W8NXH0Djyww$_$5,W8NXH0Djyww,2,0,0,0,0,0,0
1266,W8NXH0Djyww$_$4,W8NXH0Djyww,2,0,0,0,0,0,0
1267,W8NXH0Djyww$_$7,W8NXH0Djyww,2,0,0,0,0,0,0
1268,W8NXH0Djyww$_$6,W8NXH0Djyww,2,0,0,0,0,0,0
1269,W8NXH0Djyww$_$9,W8NXH0Djyww,2,0,0,0,0,0,0
1270,W8NXH0Djyww$_$8,W8NXH0Djyww,2,0,0,0,0,0,0
1271,W8NXH0Djyww$_$11,W8NXH0Djyww,2,0,0,0,0,0,0
1272,W8NXH0Djyww$_$10,W8NXH0Djyww,2,0,0,0,0,0,0
1273,W8NXH0Djyww$_$13,W8NXH0Djyww,2,0,0,0,0,0,0
1274,W8NXH0Djyww$_$12,W8NXH0Djyww,2,0,0,0,0,0,0
1275,W8NXH0Djyww$_$15,W8NXH0Djyww,2,0,0,0,0,0,0
1276,W8NXH0Djyww$_$14,W8NXH0Djyww,2,0,0,0,0,0,0
1277,W8NXH0Djyww$_$17,W8NXH0Djyww,2,0,0,0,0,0,0
1278,W8NXH0Djyww$_$16,W8NXH0Djyww,2,0,0,0,0,0,0
1279,W8NXH0Djyww$_$19,W8NXH0Djyww,2,0,0,0,0,0,0
1280,W8NXH0Djyww$_$18,W8NXH0Djyww,2,0,0,0,0,0,0
1281,W8NXH0Djyww$_$31,W8NXH0Djyww,2,0,0,0,0,0,0
1282,W8NXH0Djyww$_$30,W8NXH0Djyww,2,0,0,0,0,0,0
1283,W8NXH0Djyww$_$32,W8NXH0Djyww,2,0,0,0,0,0,0
