direction,video_id,expert_fold,role,sample_count,meta_row_count,inner_split_seed,inner_split_modulo
A,-3g5yACwYnA,0,inner_train,6,24,2302,8
A,-3nNcZdcdvU,0,inner_train,3,12,2302,8
A,-NFrJFQijFE,0,inner_train,4,16,2302,8
A,-UuX1xuaiiE,0,inner_train,10,40,2302,8
A,-ZgjBOA1Yhw,0,inner_train,6,24,2302,8
A,-a55Q6RWvTA,0,inner_train,1,4,2302,8
A,-egA8-b7-3M,0,inner_train,17,68,2302,8
A,-iRBcNs9oI8,0,inner_train,10,40,2302,8
A,-lqc32Zpr7M,0,inner_train,4,16,2302,8
A,-tPCytz4rww,0,inner_train,6,24,2302,8
A,-wny0OAz3g8,0,inner_train,9,36,2302,8
A,03X1FwF6udc,0,inner_train,7,28,2302,8
A,08d4NTXkSxw,0,inner_train,4,16,2302,8
A,0AA-wmk8WdA,0,inner_train,2,8,2302,8
A,0AkGtPzl7D8,0,inner_train,1,4,2302,8
A,0BVed2nBq1g,0,inner_train,7,28,2302,8
A,0FA32bEZ6xI,0,inner_train,29,116,2302,8
A,0OC3wf9x3zQ,0,inner_train,11,44,2302,8
A,0OXeN3MhFeA,0,inner_train,7,28,2302,8
A,0bsTzavb-AE,0,inner_train,4,16,2302,8
A,0cBmQ_ItVUc,0,inner_train,11,44,2302,8
A,0hCOCt6fWas,0,inner_train,6,24,2302,8
A,0hCihQ5Kep0,0,inner_train,3,12,2302,8
A,0jtdrsmVzYQ,0,inner_train,2,8,2302,8
A,0nJrksJ7azM,0,inner_train,6,24,2302,8
A,0vXaXWx7Rvo,0,inner_train,6,24,2302,8
A,0zl_GDVzykw,0,inner_train,2,8,2302,8
A,102168,0,inner_train,5,20,2302,8
A,102184,0,inner_train,14,56,2302,8
A,106514,0,inner_train,18,72,2302,8
A,106941,0,inner_train,13,52,2302,8
A,107551,0,inner_train,15,60,2302,8
A,110754,0,inner_train,12,48,2302,8
A,112148,0,inner_train,14,56,2302,8
A,112169,0,inner_train,14,56,2302,8
A,112631,0,inner_train,10,40,2302,8
A,112903,0,inner_train,7,28,2302,8
A,114624,0,inner_train,14,56,2302,8
A,11650,0,inner_train,25,100,2302,8
A,119348,0,inner_train,13,52,2302,8
A,121358,0,inner_train,23,92,2302,8
A,122439,0,inner_train,10,40,2302,8
A,122602,0,inner_train,19,76,2302,8
A,122842,0,inner_train,13,52,2302,8
A,125845,0,inner_train,11,44,2302,8
A,126542,0,inner_train,18,72,2302,8
A,126831,0,inner_train,18,72,2302,8
A,127539,0,inner_train,10,40,2302,8
A,128258,0,inner_train,15,60,2302,8
A,128949,0,inner_train,9,36,2302,8
A,129733,0,inner_train,12,48,2302,8
A,131871,0,inner_train,9,36,2302,8
A,136205,0,inner_train,16,64,2302,8
A,136215,0,inner_train,15,60,2302,8
A,137827,0,inner_train,7,28,2302,8
A,139032,0,inner_train,18,72,2302,8
A,13JpsLvddoY,0,inner_train,4,16,2302,8
A,140293,0,inner_train,8,32,2302,8
A,140317,0,inner_train,13,52,2302,8
A,15837,0,inner_train,14,56,2302,8
A,186631,0,inner_train,13,52,2302,8
A,188122,0,inner_train,17,68,2302,8
A,189966,0,inner_train,26,104,2302,8
A,18JTkk8JbeU,0,inner_train,5,20,2302,8
A,190740,0,inner_train,15,60,2302,8
A,192799,0,inner_train,18,72,2302,8
A,197778,0,inner_train,17,68,2302,8
A,1A-aRhYx-GQ,0,inner_train,17,68,2302,8
A,1A7dqFxx8wU,0,inner_train,7,28,2302,8
A,1ESU5ONMMxs,0,inner_train,12,48,2302,8
A,1JQ9UCBEmCU,0,inner_train,6,24,2302,8
A,1RBT_QoSkIU,0,inner_train,1,4,2302,8
A,1RxliidxXyQ,0,inner_train,2,8,2302,8
A,1YEgMQ1xxzQ,0,inner_train,3,12,2302,8
A,1ZjIX9AK860,0,inner_train,3,12,2302,8
A,1k7br8xXMSU,0,inner_train,11,44,2302,8
A,1o8Gy4J6WSs,0,inner_train,3,12,2302,8
A,1olbQVO_C-8,0,inner_train,3,12,2302,8
A,1pvK0_9SQns,0,inner_train,4,16,2302,8
A,1sJjdaXXuJg,0,inner_train,3,12,2302,8
A,2-5hH_k2VFk,0,inner_train,6,24,2302,8
A,201582,0,inner_train,13,52,2302,8
A,202431,0,inner_train,7,28,2302,8
A,202810,0,inner_train,14,56,2302,8
A,202990,0,inner_train,17,68,2302,8
A,206049,0,inner_train,5,20,2302,8
A,206376,0,inner_train,10,40,2302,8
A,208148,0,inner_train,12,48,2302,8
A,208299,0,inner_train,11,44,2302,8
A,210238,0,inner_train,18,72,2302,8
A,21137,0,inner_train,11,44,2302,8
A,212532,0,inner_train,11,44,2302,8
A,213619,0,inner_train,12,48,2302,8
A,215259,0,inner_train,12,48,2302,8
A,216857,0,inner_train,22,88,2302,8
A,219775,0,inner_train,9,36,2302,8
A,220548,0,inner_train,24,96,2302,8
A,221740,0,inner_train,9,36,2302,8
A,222116,0,inner_train,9,36,2302,8
A,224599,0,inner_train,13,52,2302,8
A,224772,0,inner_train,15,60,2302,8
A,224817,0,inner_train,1,4,2302,8
A,224869,0,inner_train,16,64,2302,8
A,227426,0,inner_train,20,80,2302,8
A,22821,0,inner_train,19,76,2302,8
A,229903,0,inner_train,7,28,2302,8
A,229967,0,inner_train,11,44,2302,8
A,233171,0,inner_train,8,32,2302,8
A,233389,0,inner_train,7,28,2302,8
A,234053,0,inner_train,27,108,2302,8
A,234587,0,inner_train,22,88,2302,8
A,236399,0,inner_train,13,52,2302,8
A,238060,0,inner_train,19,76,2302,8
A,238100,0,inner_train,11,44,2302,8
A,238683,0,inner_train,5,20,2302,8
A,239235,0,inner_train,16,64,2302,8
A,239572,0,inner_train,10,40,2302,8
A,240915,0,inner_train,9,36,2302,8
A,241638,0,inner_train,7,28,2302,8
A,243338,0,inner_train,27,108,2302,8
A,244180,0,inner_train,22,88,2302,8
A,244623,0,inner_train,29,116,2302,8
A,245322,0,inner_train,7,28,2302,8
A,247382,0,inner_train,22,88,2302,8
A,248837,0,inner_train,14,56,2302,8
A,24xayGF5yYA,0,inner_train,35,140,2302,8
A,250430,0,inner_train,13,52,2302,8
A,251417,0,inner_train,8,32,2302,8
A,251839,0,inner_train,18,72,2302,8
A,252177,0,inner_train,11,44,2302,8
A,25271,0,inner_train,13,52,2302,8
A,254298,0,inner_train,16,64,2302,8
A,255226,0,inner_train,16,64,2302,8
A,256935,0,inner_train,22,88,2302,8
A,256976,0,inner_train,15,60,2302,8
A,257771,0,inner_train,16,64,2302,8
A,261267,0,inner_train,20,80,2302,8
A,261902,0,inner_train,32,128,2302,8
A,262226,0,inner_train,21,84,2302,8
A,264418,0,inner_train,16,64,2302,8
A,265959,0,inner_train,17,68,2302,8
A,266366,0,inner_train,19,76,2302,8
A,266396,0,inner_train,98,392,2302,8
A,267255,0,inner_train,20,80,2302,8
A,267278,0,inner_train,24,96,2302,8
A,267799,0,inner_train,20,80,2302,8
A,268836,0,inner_train,40,160,2302,8
A,270416,0,inner_train,14,56,2302,8
A,270444,0,inner_train,9,36,2302,8
A,270628,0,inner_train,36,144,2302,8
A,272375,0,inner_train,20,80,2302,8
A,273171,0,inner_train,17,68,2302,8
A,273237,0,inner_train,27,108,2302,8
A,274219,0,inner_train,12,48,2302,8
A,276217,0,inner_train,42,168,2302,8
A,27798,0,inner_train,15,60,2302,8
A,278474,0,inner_train,10,40,2302,8
A,283495,0,inner_train,8,32,2302,8
A,291121,0,inner_train,13,52,2302,8
A,298736,0,inner_train,34,136,2302,8
A,298774,0,inner_train,19,76,2302,8
A,2HP4KedfmSc,0,inner_train,10,40,2302,8
A,2JY5HXBWO84,0,inner_train,8,32,2302,8
A,2LpVvLemgvw,0,inner_train,10,40,2302,8
A,2PgJok07td4,0,inner_train,1,4,2302,8
A,2RC_DXV_dPQ,0,inner_train,3,12,2302,8
A,2RDubrUjI-k,0,inner_train,4,16,2302,8
A,2Vtv2gPzM7w,0,inner_train,2,8,2302,8
A,2Wo-0trLBjU,0,inner_train,6,24,2302,8
A,2YwgSmmLibs,0,inner_train,5,20,2302,8
A,2ahFSMFvs_c,0,inner_train,9,36,2302,8
A,2cwNG0YuwtQ,0,inner_train,11,44,2302,8
A,2w7rpDe-HoA,0,inner_train,5,20,2302,8
A,30162,0,inner_train,12,48,2302,8
A,30763,0,inner_train,17,68,2302,8
A,31197,0,inner_train,5,20,2302,8
A,31tcuDMQ_H8,0,inner_train,9,36,2302,8
A,327283,0,inner_train,18,72,2302,8
A,33312,0,inner_train,15,60,2302,8
A,34346,0,inner_train,21,84,2302,8
A,367506,0,inner_train,17,68,2302,8
A,367576,0,inner_train,17,68,2302,8
A,37117,0,inner_train,13,52,2302,8
A,37459,0,inner_train,8,32,2302,8
A,39lcRCFvV-s,0,inner_train,45,180,2302,8
A,3DOrdP4H8SA,0,inner_train,12,48,2302,8
A,3FpmKxZgihw,0,inner_train,9,36,2302,8
A,3QcqpwQiiLs,0,inner_train,3,12,2302,8
A,3VsrcbjPwZY,0,inner_train,4,16,2302,8
A,3ZmLhK_YHl8,0,inner_train,4,16,2302,8
A,3aD0xAgxxyw,0,inner_train,7,28,2302,8
A,3fhCxePBuZY,0,inner_train,15,60,2302,8
A,3gA34VxBijI,0,inner_train,2,8,2302,8
A,3ocpWAmSNUE,0,inner_train,4,16,2302,8
A,3sDL7mwosP0,0,inner_train,2,8,2302,8
A,3u_Joh0WJdw,0,inner_train,1,4,2302,8
A,3w9I5SBhHNc,0,inner_train,4,16,2302,8
A,3y2YInNUmHY,0,inner_train,4,16,2302,8
A,40260,0,inner_train,28,112,2302,8
A,41692,0,inner_train,9,36,2302,8
A,424vOT3Nnyk,0,inner_train,5,20,2302,8
A,44780,0,inner_train,10,40,2302,8
A,44MVdpDEQJs,0,inner_train,4,16,2302,8
A,45186,0,inner_train,15,60,2302,8
A,45676,0,inner_train,9,36,2302,8
A,46497,0,inner_train,5,20,2302,8
A,46604,0,inner_train,9,36,2302,8
A,47472,0,inner_train,16,64,2302,8
A,48nifdN2vSI,0,inner_train,1,4,2302,8
A,48u68AzcWvE,0,inner_train,1,4,2302,8
A,4BoE-woHtwA,0,inner_train,11,44,2302,8
A,4EEru3cZwXo,0,inner_train,4,16,2302,8
A,4GYfmpEEtl4,0,inner_train,6,24,2302,8
A,4HAC00EAdno,0,inner_train,10,40,2302,8
A,4HazSkYihtw,0,inner_train,1,4,2302,8
A,4Q7OkrJLzAc,0,inner_train,5,20,2302,8
A,4WTVL5bNybU,0,inner_train,3,12,2302,8
A,4Yxe1_ohz7Y,0,inner_train,1,4,2302,8
A,4hEWns7JBg0,0,inner_train,26,104,2302,8
A,4iG0ffmnCOw,0,inner_train,11,44,2302,8
A,4jTUcNlxlYA,0,inner_train,9,36,2302,8
A,4kF0U8kIMp4,0,inner_train,7,28,2302,8
A,4lKz4xyCmkk,0,inner_train,12,48,2302,8
A,4lro65JwQdc,0,inner_train,2,8,2302,8
A,4oeKDFIaL7o,0,inner_train,4,16,2302,8
A,4poXF3xo6Z8,0,inner_train,13,52,2302,8
A,4qoB5a6dR3w,0,inner_train,4,16,2302,8
A,4wdeBJ39Cuw,0,inner_train,5,20,2302,8
A,4wuug3-5cWo,0,inner_train,13,52,2302,8
A,50453,0,inner_train,13,52,2302,8
A,51224,0,inner_train,10,40,2302,8
A,53742,0,inner_train,12,48,2302,8
A,54CM1_GA-uw,0,inner_train,2,8,2302,8
A,55T4QNcdpOk,0,inner_train,3,12,2302,8
A,56276,0,inner_train,16,64,2302,8
A,59333,0,inner_train,20,80,2302,8
A,5FbzKjx3Lho,0,inner_train,3,12,2302,8
A,5HjbZAbB-Lg,0,inner_train,3,12,2302,8
A,5OLO6zEbrVw,0,inner_train,4,16,2302,8
A,5PqwxUYIe3c,0,inner_train,4,16,2302,8
A,5VKMctXBN9M,0,inner_train,4,16,2302,8
A,5XX0csik6VQ,0,inner_train,5,20,2302,8
A,5qxZFmIaynE,0,inner_train,21,84,2302,8
A,5sDBK-lP8Pg,0,inner_train,2,8,2302,8
A,6-0bcijTR8k,0,inner_train,1,4,2302,8
A,60037,0,inner_train,17,68,2302,8
A,65kkuNV921k,0,inner_train,16,64,2302,8
A,663uRzFOfrg,0,inner_train,2,8,2302,8
A,6MYUY5tC2Us,0,inner_train,7,28,2302,8
A,6T1GHj7qwYs,0,inner_train,3,12,2302,8
A,6_k3cw9_k-Y,0,inner_train,1,4,2302,8
A,6aoTjlvo0js,0,inner_train,4,16,2302,8
A,6ng8CZ0ULK4,0,inner_train,12,48,2302,8
A,6qPjYvdZiLA,0,inner_train,1,4,2302,8
A,6slq62RwH3Q,0,inner_train,11,44,2302,8
A,6xvVFYR5di0,0,inner_train,8,32,2302,8
A,6zjv1TLqfF0,0,inner_train,12,48,2302,8
A,70420,0,inner_train,19,76,2302,8
A,72385,0,inner_train,24,96,2302,8
A,73449,0,inner_train,15,60,2302,8
A,74101,0,inner_train,9,36,2302,8
A,76sN4tvbPGk,0,inner_train,5,20,2302,8
A,78577,0,inner_train,14,56,2302,8
A,79644,0,inner_train,6,24,2302,8
A,79935,0,inner_train,20,80,2302,8
A,7R70kKqtGh0,0,inner_train,3,12,2302,8
A,7UlSX-syPeo,0,inner_train,21,84,2302,8
A,7eJqqvvziQo,0,inner_train,8,32,2302,8
A,7ifnoHhrMtA,0,inner_train,7,28,2302,8
A,7pZPQbMKGkY,0,inner_train,7,28,2302,8
A,7sgAWvbLtiM,0,inner_train,8,32,2302,8
A,7wiaDbpiAQ8,0,inner_train,1,4,2302,8
A,8-Hi9NmF4rM,0,inner_train,2,8,2302,8
A,80620,0,inner_train,11,44,2302,8
A,80914,0,inner_train,9,36,2302,8
A,81406,0,inner_train,8,32,2302,8
A,81615,0,inner_train,8,32,2302,8
A,83310,0,inner_train,3,12,2302,8
A,8404,0,inner_train,14,56,2302,8
A,84176,0,inner_train,11,44,2302,8
A,87400,0,inner_train,18,72,2302,8
A,87MsiC3E2-w,0,inner_train,1,4,2302,8
A,88797,0,inner_train,14,56,2302,8
A,89787,0,inner_train,21,84,2302,8
A,89951,0,inner_train,16,64,2302,8
A,8Lmqsakmw3M,0,inner_train,11,44,2302,8
A,8M0AlvtMrv8,0,inner_train,3,12,2302,8
A,8P0zm2oYDyY,0,inner_train,5,20,2302,8
A,8UH0aPUf7sQ,0,inner_train,1,4,2302,8
A,8VB6pdJTpX4,0,inner_train,2,8,2302,8
A,8X5tGQLBqPo,0,inner_train,12,48,2302,8
A,8ovb-GaZ3QE,0,inner_train,7,28,2302,8
A,8qCNtqjygW8,0,inner_train,13,52,2302,8
A,8u5aet7s9_w,0,inner_train,10,40,2302,8
A,8xfW_azeNPk,0,inner_train,16,64,2302,8
A,9-K1CXCXui4,0,inner_train,17,68,2302,8
A,91276,0,inner_train,13,52,2302,8
A,92tWNUhG9DY,0,inner_train,7,28,2302,8
A,94ULum9MYX0,0,inner_train,5,20,2302,8
A,96194,0,inner_train,15,60,2302,8
A,96361,0,inner_train,18,72,2302,8
A,97992,0,inner_train,11,44,2302,8
A,9JqwFRCTKOM,0,inner_train,1,4,2302,8
A,9Jyr5laC8mg,0,inner_train,1,4,2302,8
A,9K5mYSaoBL4,0,inner_train,8,32,2302,8
A,9bAgEmihzLs,0,inner_train,4,16,2302,8
A,9cxlcpbmrH0,0,inner_train,12,48,2302,8
A,9dFEGb_RfwE,0,inner_train,1,4,2302,8
A,9pdyTplXwM4,0,inner_train,7,28,2302,8
A,9sAoeFTKILY,0,inner_train,1,4,2302,8
A,9tX18DNC74w,0,inner_train,5,20,2302,8
A,9zBj8VkRBpE,0,inner_train,5,20,2302,8
A,A4dzxgHDhF0,0,inner_train,1,4,2302,8
A,A6R6J8SJtBc,0,inner_train,3,12,2302,8
A,A8c7q_P4jQg,0,inner_train,3,12,2302,8
A,A8plGi4rbxM,0,inner_train,6,24,2302,8
A,ABSC1JNdpTw,0,inner_train,5,20,2302,8
A,ACOlIiRdDyE,0,inner_train,1,4,2302,8
A,AGFgaKPzjMQ,0,inner_train,7,28,2302,8
A,AHU3PUztC_M,0,inner_train,1,4,2302,8
A,APYv5s4ucd0,0,inner_train,3,12,2302,8
A,ATfnMuJJDkk,0,inner_train,9,36,2302,8
A,AepwIhSbAws,0,inner_train,5,20,2302,8
A,AggyS1coOb8,0,inner_train,3,12,2302,8
A,AlmUwZgY6bs,0,inner_train,2,8,2302,8
A,AsrhHuCfvF4,0,inner_train,3,12,2302,8
A,AuPCZlKBzq8,0,inner_train,5,20,2302,8
A,Az3e1Opu0LE,0,inner_train,7,28,2302,8
A,B1PzCwfgXyU,0,inner_train,2,8,2302,8
A,BAi3ZJo5Vwg,0,inner_train,5,20,2302,8
A,BBoe8-HWPSw,0,inner_train,8,32,2302,8
A,BDCFV4EqHjY,0,inner_train,2,8,2302,8
A,BXqnWuDA3H4,0,inner_train,3,12,2302,8
A,Bf5owLv3X98,0,inner_train,5,20,2302,8
A,Bg-PA5KTjNs,0,inner_train,10,40,2302,8
A,BmDybDBTe7o,0,inner_train,6,24,2302,8
A,BuPhjBayua8,0,inner_train,4,16,2302,8
A,C-UUQju3bXo,0,inner_train,2,8,2302,8
A,C03473pYcRM,0,inner_train,10,40,2302,8
A,C8Fhlk-eczU,0,inner_train,4,16,2302,8
A,CBYQDIqucxE,0,inner_train,2,8,2302,8
A,CHh6hWo1AFE,0,inner_train,8,32,2302,8
A,CL4hDu95Eqw,0,inner_train,6,24,2302,8
A,CLkTjujFVKU,0,inner_train,6,24,2302,8
A,CZVmxwrWv34,0,inner_train,4,16,2302,8
A,Cb8ay6WtJuM,0,inner_train,10,40,2302,8
A,Ceu9AkIjuLY,0,inner_train,10,40,2302,8
A,Cj7R36s4dbM,0,inner_train,8,32,2302,8
A,CuF-UOcAFG8,0,inner_train,3,12,2302,8
A,CvW0Mh1EWFA,0,inner_train,8,32,2302,8
A,CzstrpOTtgo,0,inner_train,6,24,2302,8
A,D1I-Z8jaby8,0,inner_train,2,8,2302,8
A,D5cQWqYcBAE,0,inner_train,3,12,2302,8
A,DGeBPk1op3E,0,inner_train,8,32,2302,8
A,DQ7QKE3hzVg,0,inner_train,3,12,2302,8
A,DR9Hhpy8aA8,0,inner_train,3,12,2302,8
A,DVvJoMt9o80,0,inner_train,2,8,2302,8
A,DZBpdzrMelA,0,inner_train,3,12,2302,8
A,DZIFCYOhosQ,0,inner_train,10,40,2302,8
A,DatH-ra0VKY,0,inner_train,10,40,2302,8
A,DbAppk7xT0Y,0,inner_train,7,28,2302,8
A,DhXBaBOB4E8,0,inner_train,1,4,2302,8
A,Dnhxm6sHQpc,0,inner_train,5,20,2302,8
A,Dq7V30WhOJQ,0,inner_train,2,8,2302,8
A,Drhrzj1yhVs,0,inner_train,4,16,2302,8
A,Dws8ZrzF7xQ,0,inner_train,6,24,2302,8
A,E05bA058vts,0,inner_train,1,4,2302,8
A,E0g6nae4Ae4,0,inner_train,31,124,2302,8
A,EK2bnbzmJs4,0,inner_train,2,8,2302,8
A,ELtbrO8FbuI,0,inner_train,1,4,2302,8
A,E_ocLuUw-1I,0,inner_train,5,20,2302,8
A,F2M7WbPXRps,0,inner_train,4,16,2302,8
A,F59hwsm4Ld0,0,inner_train,46,184,2302,8
A,F6Ci45lP5aA,0,inner_train,3,12,2302,8
A,F8KE2ZhoUe4,0,inner_train,14,56,2302,8
A,F9NruwaEmA8,0,inner_train,2,8,2302,8
A,FJgO-FICHlA,0,inner_train,2,8,2302,8
A,FMif4HMBZjo,0,inner_train,1,4,2302,8
A,FNbULlE9RKg,0,inner_train,4,16,2302,8
A,FR0B64ID-hA,0,inner_train,2,8,2302,8
A,FRKwvmrwrZA,0,inner_train,12,48,2302,8
A,FSGL5K2EEdo,0,inner_train,2,8,2302,8
A,FWBCTZiijEM,0,inner_train,3,12,2302,8
A,FX87sfrE47w,0,inner_train,3,12,2302,8
A,FaHosBIr0xY,0,inner_train,3,12,2302,8
A,FcAgbLF6__s,0,inner_train,1,4,2302,8
A,FfavRdRKsAQ,0,inner_train,10,40,2302,8
A,FmE9BtTmxnE,0,inner_train,1,4,2302,8
A,FmIS69vB12I,0,inner_train,12,48,2302,8
A,FphtHpVV-7w,0,inner_train,4,16,2302,8
A,FvoZgWvc3gc,0,inner_train,5,20,2302,8
A,G38DwNDQ8Cc,0,inner_train,20,80,2302,8
A,G8aL3bM39co,0,inner_train,6,24,2302,8
A,GAY5ICoVnA8,0,inner_train,10,40,2302,8
A,GCOFujDHDx0,0,inner_train,7,28,2302,8
A,GICVzJMDfv0,0,inner_train,2,8,2302,8
A,GJyzeK-Cn-0,0,inner_train,1,4,2302,8
A,GMHW6XEO1ms,0,inner_train,5,20,2302,8
A,GMjQUrlMa50,0,inner_train,4,16,2302,8
A,GRFXnnrQaB4,0,inner_train,6,24,2302,8
A,GSnt_fW8qjI,0,inner_train,7,28,2302,8
A,GTGtVdAuyRc,0,inner_train,9,36,2302,8
A,Gbg8qiKQkhM,0,inner_train,1,4,2302,8
A,GdFP_p4eQX0,0,inner_train,5,20,2302,8
A,GeSTiDe1hG0,0,inner_train,1,4,2302,8
A,Gljee9uq_Rc,0,inner_train,14,56,2302,8
A,Gmhi58erY6k,0,inner_train,7,28,2302,8
A,Gvg_80PlAAs,0,inner_train,1,4,2302,8
A,GxcOSmJAyYQ,0,inner_train,3,12,2302,8
A,H-AJ-grXvgQ,0,inner_train,4,16,2302,8
A,H9zVQlzit8Y,0,inner_train,1,4,2302,8
A,HAid0IEUoFQ,0,inner_train,3,12,2302,8
A,HByf7qiO-Kg,0,inner_train,12,48,2302,8
A,HD17J-FvROQ,0,inner_train,3,12,2302,8
A,HObh42PhOfw,0,inner_train,4,16,2302,8
A,HQ9NnDQcxD4,0,inner_train,2,8,2302,8
A,HUH9BXVmAig,0,inner_train,2,8,2302,8
A,HUOMbK1x7MI,0,inner_train,11,44,2302,8
A,HWLpH3NMtFs,0,inner_train,3,12,2302,8
A,HXuRR2eBHHQ,0,inner_train,4,16,2302,8
A,HqtvFTa29L8,0,inner_train,1,4,2302,8
A,HxyfY7hsjOg,0,inner_train,5,20,2302,8
A,I--8nRKCkJI,0,inner_train,8,32,2302,8
A,I3SPlbTGuNc,0,inner_train,16,64,2302,8
A,I5cS_TlV5B8,0,inner_train,6,24,2302,8
A,IAmZ5iWHxw4,0,inner_train,3,12,2302,8
A,IAubgwEiCcY,0,inner_train,6,24,2302,8
A,ICeSewdyf34,0,inner_train,5,20,2302,8
A,IDVbPEket6U,0,inner_train,3,12,2302,8
A,IKXWSNf4m2k,0,inner_train,2,8,2302,8
A,I_r2CP56toU,0,inner_train,1,4,2302,8
A,IiX1k0oYW_w,0,inner_train,2,8,2302,8
A,IkvL4IAiZog,0,inner_train,2,8,2302,8
A,J6zbBfzW7a0,0,inner_train,2,8,2302,8
A,J7UduuBfnrE,0,inner_train,9,36,2302,8
A,JAbFsRxxnFo,0,inner_train,4,16,2302,8
A,JF-5nlUNx_g,0,inner_train,23,92,2302,8
A,JGEEA_JVriE,0,inner_train,1,4,2302,8
A,JLqBVj6f5gI,0,inner_train,15,60,2302,8
A,JMb18N7lQ0A,0,inner_train,2,8,2302,8
A,JSlTJsUulH0,0,inner_train,2,8,2302,8
A,JW3OfSCZlhc,0,inner_train,3,12,2302,8
A,JYdfUNjyYxo,0,inner_train,3,12,2302,8
A,Ja7phs8EbWk,0,inner_train,10,40,2302,8
A,JcmqmLaL_MQ,0,inner_train,1,4,2302,8
A,Jh1uDYOJMwk,0,inner_train,3,12,2302,8
A,JvLMNXW7B10,0,inner_train,2,8,2302,8
A,JvgofTcCSEc,0,inner_train,7,28,2302,8
A,JzydLJw6y6o,0,inner_train,13,52,2302,8
A,K7FiMf-Dmwo,0,inner_train,2,8,2302,8
A,K9faaGel838,0,inner_train,4,16,2302,8
A,KD0w4BrNXQg,0,inner_train,6,24,2302,8
A,KLy4aBLqwCk,0,inner_train,9,36,2302,8
A,Kep_mLLXsqk,0,inner_train,4,16,2302,8
A,KmYG8zaRmOA,0,inner_train,2,8,2302,8
A,L0WUuWYNeCo,0,inner_train,31,124,2302,8
A,L6pg3DQKoH4,0,inner_train,9,36,2302,8
A,L8VjQM9HQfs,0,inner_train,4,16,2302,8
A,LKAEv8x9jKI,0,inner_train,3,12,2302,8
A,LL02UFLfQKo,0,inner_train,1,4,2302,8
A,LQnXVd-PR_Y,0,inner_train,2,8,2302,8
A,LUKIYWa0UGA,0,inner_train,7,28,2302,8
A,LUf9vbe0TcQ,0,inner_train,4,16,2302,8
A,LZl9Sj1safM,0,inner_train,6,24,2302,8
A,L_XttWZBKss,0,inner_train,2,8,2302,8
A,LityRNuQihc,0,inner_train,7,28,2302,8
A,LpbSYaPRTqI,0,inner_train,6,24,2302,8
A,MCRCXXPqFOI,0,inner_train,10,40,2302,8
A,MFXQH7ZlBJI,0,inner_train,1,4,2302,8
A,MOfEl_1dh-g,0,inner_train,6,24,2302,8
A,MPRqaQqrd9Y,0,inner_train,3,12,2302,8
A,MRU65o1odI4,0,inner_train,5,20,2302,8
A,MTU_thei3-c,0,inner_train,3,12,2302,8
A,MmJD4KBT0nk,0,inner_train,5,20,2302,8
A,MpuWcGn2Lcg,0,inner_train,5,20,2302,8
A,MroQfGehC84,0,inner_train,11,44,2302,8
A,MyDLelMxt-A,0,inner_train,2,8,2302,8
A,N3vSaV8Ztrg,0,inner_train,2,8,2302,8
A,N4WOBzpZtWM,0,inner_train,4,16,2302,8
A,N7IerkWUClI,0,inner_train,2,8,2302,8
A,NG7QLq4XlWo,0,inner_train,16,64,2302,8
A,NOl0v54DaXo,0,inner_train,12,48,2302,8
A,NYuY6HVjMZQ,0,inner_train,3,12,2302,8
A,N_dNuV-4iAo,0,inner_train,3,12,2302,8
A,Na6170hd8po,0,inner_train,5,20,2302,8
A,NkbRuTJaj_M,0,inner_train,2,8,2302,8
A,Nmd50Uzyybs,0,inner_train,2,8,2302,8
A,OAV6KKf60bQ,0,inner_train,12,48,2302,8
A,OEOkmrKvTUo,0,inner_train,4,16,2302,8
A,OKSx1zxHGpQ,0,inner_train,28,112,2302,8
A,OPXmk49KyiU,0,inner_train,2,8,2302,8
A,OUjzDchhkIA,0,inner_train,6,24,2302,8
A,OcqJx_cRc3Y,0,inner_train,2,8,2302,8
A,OiMkqEH5WeE,0,inner_train,4,16,2302,8
A,Oj3XwBBrzXc,0,inner_train,2,8,2302,8
A,Op3CnqRLD9w,0,inner_train,6,24,2302,8
A,OxyQSJMvWBo,0,inner_train,14,56,2302,8
A,P0WaXnH37uI,0,inner_train,6,24,2302,8
A,P3QEOJWxXI8,0,inner_train,6,24,2302,8
A,P4qxfjZlIrY,0,inner_train,5,20,2302,8
A,PHJ8eybXJdw,0,inner_train,6,24,2302,8
A,PJlDO21zl88,0,inner_train,1,4,2302,8
A,PMH4mdJeojE,0,inner_train,3,12,2302,8
A,PQYmOknHA4c,0,inner_train,12,48,2302,8
A,PRZ4VhESz1A,0,inner_train,8,32,2302,8
A,PUIsiLk8etk,0,inner_train,8,32,2302,8
A,PmemTgQHagk,0,inner_train,8,32,2302,8
A,PoKZEKOf1dA,0,inner_train,7,28,2302,8
A,PohW-isYMK0,0,inner_train,19,76,2302,8
A,PtH_8O__EAY,0,inner_train,1,4,2302,8
A,PybuzkS31J4,0,inner_train,5,20,2302,8
A,Q2uHXKA8cq8,0,inner_train,6,24,2302,8
A,Q5YU2sLKVL4,0,inner_train,2,8,2302,8
A,Q5uYByRyswI,0,inner_train,3,12,2302,8
A,QDRtKv8PvFs,0,inner_train,5,20,2302,8
A,QE0pAVSPsKQ,0,inner_train,13,52,2302,8
A,QEG_hkJsaYc,0,inner_train,1,4,2302,8
A,QJCDZCllSYQ,0,inner_train,3,12,2302,8
A,QWaUvAL-yiA,0,inner_train,3,12,2302,8
A,QWzIJuhLLrc,0,inner_train,2,8,2302,8
A,QbJiphIpzYc,0,inner_train,3,12,2302,8
A,Qe4AT670hq4,0,inner_train,1,4,2302,8
A,QkMTYY69JYQ,0,inner_train,10,40,2302,8
A,QzdEjKQFisQ,0,inner_train,8,32,2302,8
A,R-17BoOk4kc,0,inner_train,1,4,2302,8
A,RAiO_rChmdU,0,inner_train,3,12,2302,8
A,RE-LIPOFnrE,0,inner_train,6,24,2302,8
A,REkPZ77s3Vc,0,inner_train,5,20,2302,8
A,RRKez9BR-94,0,inner_train,7,28,2302,8
A,RTzDzj4NxIM,0,inner_train,8,32,2302,8
A,RXcI6PK37lM,0,inner_train,6,24,2302,8
A,RaTQZrdICKo,0,inner_train,1,4,2302,8
A,RadU51t1kL0,0,inner_train,8,32,2302,8
A,Rdf0Psjyrwc,0,inner_train,4,16,2302,8
A,RgubFcmvgDE,0,inner_train,7,28,2302,8
A,Rt9rN1ntS3E,0,inner_train,12,48,2302,8
A,Rugd2NMu4bA,0,inner_train,6,24,2302,8
A,RvIohowRPAk,0,inner_train,8,32,2302,8
A,Ry2NJPd4N3s,0,inner_train,7,28,2302,8
A,S0ecaAi_CJo,0,inner_train,2,8,2302,8
A,S21ApRNQ9Ko,0,inner_train,6,24,2302,8
A,SCXp4l0CO4s,0,inner_train,1,4,2302,8
A,SGsiGz2fdpo,0,inner_train,31,124,2302,8
A,SH0wXyhsx9s,0,inner_train,3,12,2302,8
A,SMr2DprlLu4,0,inner_train,1,4,2302,8
A,SNBqe_JpZC4,0,inner_train,1,4,2302,8
A,SWHmteF5Rlk,0,inner_train,8,32,2302,8
A,SYnygYs-fAg,0,inner_train,16,64,2302,8
A,SZRxuS6fn9s,0,inner_train,4,16,2302,8
A,Sir2QeCh4B0,0,inner_train,8,32,2302,8
A,SqtZGF_f63s,0,inner_train,1,4,2302,8
A,StgqrTr0JqU,0,inner_train,13,52,2302,8
A,SxbTZjZD0vU,0,inner_train,6,24,2302,8
A,SzJf6viBWBg,0,inner_train,6,24,2302,8
A,T-8TvJcS78w,0,inner_train,7,28,2302,8
A,TBwetweXRb4,0,inner_train,3,12,2302,8
A,TJelZLbfT2A,0,inner_train,11,44,2302,8
A,TM7cHOHfF70,0,inner_train,10,40,2302,8
A,TSDC7CCyeGY,0,inner_train,6,24,2302,8
A,TUzD45ghy4k,0,inner_train,1,4,2302,8
A,TVhXqAI9gyA,0,inner_train,5,20,2302,8
A,TWMFQED1Myk,0,inner_train,10,40,2302,8
A,TWf0XFpXwfs,0,inner_train,5,20,2302,8
A,TbZPa_keawc,0,inner_train,6,24,2302,8
A,Te-vgmYgGM4,0,inner_train,1,4,2302,8
A,TfBVq9oWBmM,0,inner_train,2,8,2302,8
A,TksWzxo81Mk,0,inner_train,8,32,2302,8
A,TxJjAK0WrOY,0,inner_train,2,8,2302,8
A,U8Ewftg_8CI,0,inner_train,8,32,2302,8
A,UK_IXtJ2BqI,0,inner_train,18,72,2302,8
A,ULkFbie8g-I,0,inner_train,3,12,2302,8
A,UPghCarcnMc,0,inner_train,7,28,2302,8
A,UTNP1roJV3I,0,inner_train,5,20,2302,8
A,Uc-0G7RRxoY,0,inner_train,3,12,2302,8
A,UtuTyW9pUN8,0,inner_train,8,32,2302,8
A,UuR4Rw38v_U,0,inner_train,3,12,2302,8
A,Uw1nWfSuyo8,0,inner_train,2,8,2302,8
A,VA6lVHlj5d0,0,inner_train,7,28,2302,8
A,VAr7gJydnys,0,inner_train,18,72,2302,8
A,VDjnKdFxuBE,0,inner_train,1,4,2302,8
A,VN1IPN1TL3Q,0,inner_train,3,12,2302,8
A,VVZLA2neYyw,0,inner_train,3,12,2302,8
A,VWik5oKP6IU,0,inner_train,9,36,2302,8
A,Va54WZgPTdY,0,inner_train,5,20,2302,8
A,VbSsGRXIwjc,0,inner_train,2,8,2302,8
A,VcZffwwL0bw,0,inner_train,7,28,2302,8
A,Ve-mmCM8TI0,0,inner_train,10,40,2302,8
A,VhKJm_jiciU,0,inner_train,6,24,2302,8
A,VugBIVwSmaI,0,inner_train,1,4,2302,8
A,Vw4-ae-ucHE,0,inner_train,4,16,2302,8
A,Vx8npmcFxak,0,inner_train,7,28,2302,8
A,W-pA0lOGLR0,0,inner_train,7,28,2302,8
A,W40BaML7mzc,0,inner_train,3,12,2302,8
A,WAXJRnJXmOA,0,inner_train,8,32,2302,8
A,WGfGxoI05ew,0,inner_train,2,8,2302,8
A,WHUHTmtBJWU,0,inner_train,3,12,2302,8
A,WMzvDL7b4sM,0,inner_train,5,20,2302,8
A,WSjlhBDxNW8,0,inner_train,6,24,2302,8
A,WUeSV0Z23Kg,0,inner_train,2,8,2302,8
A,WXKgBIiP8IA,0,inner_train,11,44,2302,8
A,We5nTulz1Vs,0,inner_train,4,16,2302,8
A,Wfn7XvSEwUA,0,inner_train,8,32,2302,8
A,Wh6sht7xwqQ,0,inner_train,12,48,2302,8
A,Wn8nz8GPKkI,0,inner_train,3,12,2302,8
A,Wnw1IAEDwDM,0,inner_train,3,12,2302,8
A,Wo1RxRjXyYw,0,inner_train,7,28,2302,8
A,WtiBpLt2wuA,0,inner_train,1,4,2302,8
A,Wx9nThz5z_Y,0,inner_train,3,12,2302,8
A,X0jMZoxUL2A,0,inner_train,11,44,2302,8
A,X2leyjuolDM,0,inner_train,7,28,2302,8
A,XAT2IfFFAU0,0,inner_train,6,24,2302,8
A,XCyngF93SmU,0,inner_train,6,24,2302,8
A,XDVkhOziCkg,0,inner_train,3,12,2302,8
A,XFJQJb0yaKY,0,inner_train,2,8,2302,8
A,XQxnAPleuCE,0,inner_train,2,8,2302,8
A,XXvSLz8QmGk,0,inner_train,11,44,2302,8
A,Xe-keAcLge0,0,inner_train,2,8,2302,8
A,XgT2WWcXip4,0,inner_train,4,16,2302,8
A,Xo6-V2RlWss,0,inner_train,4,16,2302,8
A,Xq7zLxYHxd8,0,inner_train,7,28,2302,8
A,XwOdPYlyqXA,0,inner_train,3,12,2302,8
A,XyBU_gZtU0M,0,inner_train,21,84,2302,8
A,XzhRYIeczg4,0,inner_train,2,8,2302,8
A,Y6s_vuUUsJM,0,inner_train,4,16,2302,8
A,YAYfMkxhRiQ,0,inner_train,5,20,2302,8
A,YB9EUgrzCCo,0,inner_train,4,16,2302,8
A,YD5vqR15nco,0,inner_train,2,8,2302,8
A,YF3mDOuF46M,0,inner_train,7,28,2302,8
A,YLA7h1RTa9w,0,inner_train,11,44,2302,8
A,YQUutkMdLj0,0,inner_train,4,16,2302,8
A,YQanVofsHoE,0,inner_train,1,4,2302,8
A,YVHJpAROBvQ,0,inner_train,4,16,2302,8
A,YWjTWl0oNLk,0,inner_train,11,44,2302,8
A,YcyHQQXGXWA,0,inner_train,6,24,2302,8
A,YfxtwXXkCmc,0,inner_train,6,24,2302,8
A,Yn8vNC41UMg,0,inner_train,3,12,2302,8
A,YodtMIsjM0c,0,inner_train,12,48,2302,8
A,YrPXbGBvqGo,0,inner_train,4,16,2302,8
A,Z-26eyME6Co,0,inner_train,7,28,2302,8
A,Z3fcd1wdzr0,0,inner_train,8,32,2302,8
A,ZDz8Qr-sJ3E,0,inner_train,4,16,2302,8
A,ZLCK8WX6qFQ,0,inner_train,2,8,2302,8
A,ZQaGGpcIPHM,0,inner_train,2,8,2302,8
A,ZSBoSJaD2tQ,0,inner_train,9,36,2302,8
A,ZZzdvUdOTww,0,inner_train,6,24,2302,8
A,Zae-zQ3VBpY,0,inner_train,2,8,2302,8
A,Zg9DKOHJdw8,0,inner_train,2,8,2302,8
A,ZjsQqd6KZIg,0,inner_train,11,44,2302,8
A,ZmAIDJ_gcXM,0,inner_train,3,12,2302,8
A,Zs8x712Y-CM,0,inner_train,12,48,2302,8
A,ZtuTCuh9C1M,0,inner_train,6,24,2302,8
A,ZzL2sHtTWRc,0,inner_train,2,8,2302,8
A,_8pvMpMdGM4,0,inner_train,21,84,2302,8
A,_BMdEKNF5Js,0,inner_train,1,4,2302,8
A,_BXmhCPTQmA,0,inner_train,2,8,2302,8
A,_BtdwH6mfWg,0,inner_train,2,8,2302,8
A,_HanACduNJk,0,inner_train,9,36,2302,8
A,_K0okiLaF9I,0,inner_train,2,8,2302,8
A,_MGd6t9eZP8,0,inner_train,1,4,2302,8
A,_PJ26YwqRJE,0,inner_train,6,24,2302,8
A,_PKP676ez2c,0,inner_train,8,32,2302,8
A,_Vp4SDp_knI,0,inner_train,2,8,2302,8
A,_WkXQNVLQXs,0,inner_train,4,16,2302,8
A,_ZlF5Q9W1DM,0,inner_train,2,8,2302,8
A,_bIJOxiIJFk,0,inner_train,6,24,2302,8
A,_iy7ftq27xE,0,inner_train,12,48,2302,8
A,_qVgNLJCYdA,0,inner_train,5,20,2302,8
A,_xjBqNfiEY4,0,inner_train,6,24,2302,8
A,a5CSKvCAhbs,0,inner_train,10,40,2302,8
A,a5FKWiI90hk,0,inner_train,3,12,2302,8
A,aEaM_LOI-BM,0,inner_train,6,24,2302,8
A,aFZIvp3SgHY,0,inner_train,4,16,2302,8
A,aFhT0px8AMw,0,inner_train,2,8,2302,8
A,aFjMWlR1QAY,0,inner_train,13,52,2302,8
A,aXla94xd_AQ,0,inner_train,4,16,2302,8
A,aYdMtEO0cbI,0,inner_train,2,8,2302,8
A,afDJvn5nmtY,0,inner_train,1,4,2302,8
A,ahcAFnY6iAY,0,inner_train,2,8,2302,8
A,ai7G98thPpk,0,inner_train,3,12,2302,8
A,aiJg0jtIHOM,0,inner_train,1,4,2302,8
A,ak7N0BqMluI,0,inner_train,9,36,2302,8
A,amem5EmRG3s,0,inner_train,6,24,2302,8
A,asWraTfIqq0,0,inner_train,10,40,2302,8
A,avW2m6VHTyg,0,inner_train,8,32,2302,8
A,axQ5CDRawO0,0,inner_train,2,8,2302,8
A,b1Il3Nf6BrU,0,inner_train,3,12,2302,8
A,bBJ0BxmIocQ,0,inner_train,22,88,2302,8
A,bD0FqMn1KXw,0,inner_train,7,28,2302,8
A,bMuoPr5-Yt4,0,inner_train,1,4,2302,8
A,bUFAN2TgPaU,0,inner_train,9,36,2302,8
A,bVhWpCvpSs4,0,inner_train,8,32,2302,8
A,bYt4wybVLRQ,0,inner_train,5,20,2302,8
A,bcns0Gu66D8,0,inner_train,5,20,2302,8
A,bdtwQxwySN0,0,inner_train,9,36,2302,8
A,bfy28AlY-TQ,0,inner_train,5,20,2302,8
A,bh4_Kd4hhd4,0,inner_train,1,4,2302,8
A,bzPFUVGPS3c,0,inner_train,5,20,2302,8
A,c5-L8vC6_sk,0,inner_train,5,20,2302,8
A,c5AJbOd794U,0,inner_train,7,28,2302,8
A,c6wuh0NRG1s,0,inner_train,8,32,2302,8
A,c9jD33baJ60,0,inner_train,7,28,2302,8
A,cEXJ2zFbC9I,0,inner_train,5,20,2302,8
A,cKxNJY7sA8s,0,inner_train,2,8,2302,8
A,cMUS4nhcKCQ,0,inner_train,1,4,2302,8
A,cSraseCDilY,0,inner_train,2,8,2302,8
A,cUm0TN3vXRc,0,inner_train,6,24,2302,8
A,cZDAM6NjBzE,0,inner_train,4,16,2302,8
A,caLWajc18Y4,0,inner_train,11,44,2302,8
A,ce1ObTPlI38,0,inner_train,2,8,2302,8
A,cfX_iuhCbRY,0,inner_train,6,24,2302,8
A,cjgq9d8Zn9g,0,inner_train,7,28,2302,8
A,cl1DNRGX578,0,inner_train,3,12,2302,8
A,d0QNH2vcDgU,0,inner_train,22,88,2302,8
A,d3I7Ug-_3L0,0,inner_train,11,44,2302,8
A,d7Dz34-cZ74,0,inner_train,3,12,2302,8
A,d89Z_olwc2Y,0,inner_train,6,24,2302,8
A,dEBug0QYayY,0,inner_train,1,4,2302,8
A,dEXSb0CfodU,0,inner_train,1,4,2302,8
A,dLmtsRyRH4s,0,inner_train,1,4,2302,8
A,dLzsNc_hzkQ,0,inner_train,2,8,2302,8
A,dQ56b0bqmc8,0,inner_train,4,16,2302,8
A,dXMAS2tIknw,0,inner_train,7,28,2302,8
A,dbH51F5Zqi4,0,inner_train,1,4,2302,8
A,dyZdiWNflko,0,inner_train,10,40,2302,8
A,dzSv6GwfF-0,0,inner_train,1,4,2302,8
A,e1E5W_ZefmY,0,inner_train,7,28,2302,8
A,ePtlUYCdrNM,0,inner_train,7,28,2302,8
A,eTCnM472-cQ,0,inner_train,4,16,2302,8
A,eTn2P4wmFr4,0,inner_train,14,56,2302,8
A,eY64P27khzk,0,inner_train,5,20,2302,8
A,eYCiRWf2NHE,0,inner_train,2,8,2302,8
A,eZVcshSUD3Q,0,inner_train,4,16,2302,8
A,eaXDCknxPrU,0,inner_train,2,8,2302,8
A,emtvrtk-jsU,0,inner_train,3,12,2302,8
A,erBIIKA6r5Y,0,inner_train,1,4,2302,8
A,f-ZNjqLlrm4,0,inner_train,6,24,2302,8
A,f49boM5fb8U,0,inner_train,6,24,2302,8
A,f6S2XNPIiFk,0,inner_train,11,44,2302,8
A,fGYbbP8RDLQ,0,inner_train,3,12,2302,8
A,fI9KptYFZeg,0,inner_train,4,16,2302,8
A,fSOVk2cS-sY,0,inner_train,5,20,2302,8
A,fTKe7E_4OCQ,0,inner_train,2,8,2302,8
A,faXGVcVcVsE,0,inner_train,16,64,2302,8
A,fbHlBmq7Ipo,0,inner_train,12,48,2302,8
A,fi7g4GoK-z4,0,inner_train,2,8,2302,8
A,fjE2EZKgQm8,0,inner_train,7,28,2302,8
A,flBtk736di4,0,inner_train,8,32,2302,8
A,frNJdG0GkYw,0,inner_train,2,8,2302,8
A,gEgcpVY8WK4,0,inner_train,32,128,2302,8
A,gFAOKuqpUq4,0,inner_train,6,24,2302,8
A,gJdSxPhf85M,0,inner_train,4,16,2302,8
A,gLdRUsLw4CA,0,inner_train,4,16,2302,8
A,gPWyANEm0eE,0,inner_train,10,40,2302,8
A,gZDyk95Xob4,0,inner_train,15,60,2302,8
A,gcGZp9JX_qE,0,inner_train,4,16,2302,8
A,ggbV7YeSl7k,0,inner_train,3,12,2302,8
A,gm4l099casQ,0,inner_train,2,8,2302,8
A,gvrfI9e5xHQ,0,inner_train,1,4,2302,8
A,gzZ8NTeTzRs,0,inner_train,2,8,2302,8
A,hSEfYcIjIr4,0,inner_train,2,8,2302,8
A,hThsntvCk2s,0,inner_train,3,12,2302,8
A,hawztAtYHCE,0,inner_train,4,16,2302,8
A,hdLC4Ro977Q,0,inner_train,2,8,2302,8
A,hfVXx8hfKak,0,inner_train,9,36,2302,8
A,hfvmQuhqMmY,0,inner_train,8,32,2302,8
A,hh04W3xXa5s,0,inner_train,3,12,2302,8
A,hlBOP5NskhM,0,inner_train,12,48,2302,8
A,hmjfBZGGZR8,0,inner_train,2,8,2302,8
A,hyazktfsZew,0,inner_train,34,136,2302,8
A,i5of7ZTkyfw,0,inner_train,4,16,2302,8
A,i6UngvEEuNs,0,inner_train,1,4,2302,8
A,iEOBNT0HFtU,0,inner_train,13,52,2302,8
A,iFGoQUh81as,0,inner_train,1,4,2302,8
A,iMss8xBhFiI,0,inner_train,9,36,2302,8
A,iO34hER47xA,0,inner_train,5,20,2302,8
A,iR1Os7FVGHs,0,inner_train,3,12,2302,8
A,iS91daVpH2E,0,inner_train,7,28,2302,8
A,iWBx0CP9JqA,0,inner_train,2,8,2302,8
A,io85pRFj_dw,0,inner_train,2,8,2302,8
A,izFBeXMTgds,0,inner_train,7,28,2302,8
A,j4MpQ6CKoDE,0,inner_train,1,4,2302,8
A,j9mRv472dq0,0,inner_train,2,8,2302,8
A,jNdvceZ4etc,0,inner_train,9,36,2302,8
A,jPGDFrQLD4I,0,inner_train,1,4,2302,8
A,jV6qzF2YROc,0,inner_train,7,28,2302,8
A,jXp595jj734,0,inner_train,2,8,2302,8
A,jbJF3aphcP0,0,inner_train,1,4,2302,8
A,jfSGWBfVNBI,0,inner_train,2,8,2302,8
A,jgNu58Da9cs,0,inner_train,6,24,2302,8
A,jhb6SV2dQzg,0,inner_train,1,4,2302,8
A,juI9KoLA87A,0,inner_train,14,56,2302,8
A,jzNIU-w0MVo,0,inner_train,11,44,2302,8
A,k0cGUNUHuyY,0,inner_train,1,4,2302,8
A,k4T6GaDrcjs,0,inner_train,11,44,2302,8
A,kCQqLNiO0mk,0,inner_train,15,60,2302,8
A,kM6wo2bb3nw,0,inner_train,3,12,2302,8
A,kRs39SO-neY,0,inner_train,4,16,2302,8
A,kRsA87VU6EQ,0,inner_train,1,4,2302,8
A,kSooCdVTI6E,0,inner_train,6,24,2302,8
A,kZfcQ4a0kx4,0,inner_train,14,56,2302,8
A,kcIGTPHEsNo,0,inner_train,12,48,2302,8
A,kddCewAsxfA,0,inner_train,4,16,2302,8
A,kj63uF0RhW8,0,inner_train,2,8,2302,8
A,kjQAkrdbREk,0,inner_train,3,12,2302,8
A,kqXpf26EL-s,0,inner_train,10,40,2302,8
A,ku-dtUqCm2o,0,inner_train,2,8,2302,8
A,kx544gnOZB0,0,inner_train,2,8,2302,8
A,ky7Q5onqxGw,0,inner_train,3,12,2302,8
A,kyPepNmxaj8,0,inner_train,3,12,2302,8
A,kzmaKnujN64,0,inner_train,7,28,2302,8
A,l-nM_U1qpko,0,inner_train,6,24,2302,8
A,l5_DDqck4Rs,0,inner_train,1,4,2302,8
A,lWvaIexY2WU,0,inner_train,4,16,2302,8
A,lo0R1mvjDT8,0,inner_train,6,24,2302,8
A,lp9vkkimXqg,0,inner_train,21,84,2302,8
A,lpF-yBYou0s,0,inner_train,4,16,2302,8
A,lzyVWNrkgbQ,0,inner_train,3,12,2302,8
A,m0-DH0k115I,0,inner_train,2,8,2302,8
A,m7SJs73SF8w,0,inner_train,4,16,2302,8
A,mHEtr7PHxoA,0,inner_train,2,8,2302,8
A,mI50zj8cTNw,0,inner_train,5,20,2302,8
A,mKP6TVuixWg,0,inner_train,7,28,2302,8
A,mMeGgB9-hSE,0,inner_train,3,12,2302,8
A,mNurUl_Q2UY,0,inner_train,1,4,2302,8
A,mRPIse3OO74,0,inner_train,7,28,2302,8
A,mSWwz7dXUP8,0,inner_train,1,4,2302,8
A,mW8eL4e7Wrg,0,inner_train,9,36,2302,8
A,mXdvCxLbpuY,0,inner_train,2,8,2302,8
A,mgpoY1-110U,0,inner_train,7,28,2302,8
A,mjQfQx2K__8,0,inner_train,13,52,2302,8
A,mjYeEikLR8I,0,inner_train,2,8,2302,8
A,mrQIrm6hYMQ,0,inner_train,3,12,2302,8
A,muOYAxkG-Zo,0,inner_train,11,44,2302,8
A,mud6tEqFiEM,0,inner_train,8,32,2302,8
A,mxa4KXSz9rw,0,inner_train,12,48,2302,8
A,mzTHW2dtbs4,0,inner_train,4,16,2302,8
A,mziQcFSsdRI,0,inner_train,3,12,2302,8
A,n2BuwHbdilY,0,inner_train,4,16,2302,8
A,n4xRx0J3rYQ,0,inner_train,14,56,2302,8
A,n5J1ZkGUGnU,0,inner_train,5,20,2302,8
A,n5MU2-GFjo8,0,inner_train,5,20,2302,8
A,n7K5SpMrQt0,0,inner_train,7,28,2302,8
A,nAhn8-kZpM8,0,inner_train,2,8,2302,8
A,nDXKvarLEOM,0,inner_train,4,16,2302,8
A,nErOMpqvcRg,0,inner_train,3,12,2302,8
A,nF0AMbTH4VM,0,inner_train,1,4,2302,8
A,nQ7txb1MtG0,0,inner_train,2,8,2302,8
A,npIVLL_fTf0,0,inner_train,11,44,2302,8
A,nw6Kf3AtCz4,0,inner_train,33,132,2302,8
A,nxksB2kDJ6o,0,inner_train,2,8,2302,8
A,o1cRmT9qnOc,0,inner_train,1,4,2302,8
A,o2bNnLOEEC0,0,inner_train,4,16,2302,8
A,o63doZKEIds,0,inner_train,9,36,2302,8
A,o7vcTMAX9fQ,0,inner_train,1,4,2302,8
A,oK951Y2N_k0,0,inner_train,1,4,2302,8
A,oO61Ma17tRA,0,inner_train,3,12,2302,8
A,oZkWWCQw2Js,0,inner_train,3,12,2302,8
A,oaC1UATdtAg,0,inner_train,5,20,2302,8
A,obnOnuzb-Xw,0,inner_train,5,20,2302,8
A,omBcvw7izuM,0,inner_train,14,56,2302,8
A,ooGB4BLK9PM,0,inner_train,1,4,2302,8
A,opHUZsc2WO8,0,inner_train,2,8,2302,8
A,otna1VHHCow,0,inner_train,6,24,2302,8
A,ouhCx4TgHlE,0,inner_train,3,12,2302,8
A,owT0_Xfu8a0,0,inner_train,2,8,2302,8
A,oyHKiX5YGDE,0,inner_train,11,44,2302,8
A,p18PVgfxook,0,inner_train,1,4,2302,8
A,p19Hsjx2xgI,0,inner_train,4,16,2302,8
A,pAclBdj20ZU,0,inner_train,12,48,2302,8
A,pFh-SLxltms,0,inner_train,16,64,2302,8
A,pIMByitigYI,0,inner_train,12,48,2302,8
A,pKXaKinzTmY,0,inner_train,4,16,2302,8
A,pU-MjERGTUk,0,inner_train,1,4,2302,8
A,pY4ovojS4rk,0,inner_train,3,12,2302,8
A,pf-78LF4ORE,0,inner_train,18,72,2302,8
A,pf6HYOOwfGE,0,inner_train,1,4,2302,8
A,pkH2TfFN-6s,0,inner_train,1,4,2302,8
A,ptgBkE_e5js,0,inner_train,2,8,2302,8
A,puum3vabpb4,0,inner_train,19,76,2302,8
A,q3QUybiOYeU,0,inner_train,1,4,2302,8
A,q4hP2j7oewo,0,inner_train,2,8,2302,8
A,q7BxnIM2_z0,0,inner_train,1,4,2302,8
A,qCUg4ek1PPE,0,inner_train,2,8,2302,8
A,qFppeQvdfxI,0,inner_train,8,32,2302,8
A,qJZlp9uxoTU,0,inner_train,16,64,2302,8
A,qP4uuMI-JSk,0,inner_train,6,24,2302,8
A,qYJtbgLqizk,0,inner_train,2,8,2302,8
A,qbIajpM7U3Y,0,inner_train,4,16,2302,8
A,qd6YuFGcBGk,0,inner_train,9,36,2302,8
A,qkWdc-E6jGI,0,inner_train,7,28,2302,8
A,qo2reupzUE0,0,inner_train,4,16,2302,8
A,qrSW93EtuMc,0,inner_train,2,8,2302,8
A,qszy_WSRFUM,0,inner_train,7,28,2302,8
A,qtI3CB1jslQ,0,inner_train,1,4,2302,8
A,qvIhzmujTi8,0,inner_train,3,12,2302,8
A,r1erb5PSm1A,0,inner_train,7,28,2302,8
A,r8OPmbZZlpE,0,inner_train,3,12,2302,8
A,rApOTQgFW6Y,0,inner_train,1,4,2302,8
A,rC7qKZMKa0U,0,inner_train,1,4,2302,8
A,rEWQW_ibDwg,0,inner_train,8,32,2302,8
A,rFHIApgUtoI,0,inner_train,6,24,2302,8
A,rLHJ_ebXCHQ,0,inner_train,8,32,2302,8
A,rNXM3avNBKk,0,inner_train,4,16,2302,8
A,rWjPSlzUc-8,0,inner_train,2,8,2302,8
A,s0PUurm1ONo,0,inner_train,1,4,2302,8
A,s1Yo_MCiMPc,0,inner_train,8,32,2302,8
A,s1tVE8g6JBc,0,inner_train,2,8,2302,8
A,s53UAEi7JEY,0,inner_train,3,12,2302,8
A,sFLTjqVS7AE,0,inner_train,4,16,2302,8
A,sRMdbZVjhis,0,inner_train,2,8,2302,8
A,sRex0-9yFFc,0,inner_train,3,12,2302,8
A,sU40irMa-so,0,inner_train,2,8,2302,8
A,sqADHmnM164,0,inner_train,1,4,2302,8
A,ssH8WQF4eN0,0,inner_train,2,8,2302,8
A,sw-smuVRByI,0,inner_train,8,32,2302,8
A,t-wXEPHHtME,0,inner_train,3,12,2302,8
A,t2U7w3K2qac,0,inner_train,2,8,2302,8
A,t7a3zECpT4k,0,inner_train,4,16,2302,8
A,tL8RzwWSmAE,0,inner_train,4,16,2302,8
A,tRSPfPlNbMU,0,inner_train,4,16,2302,8
A,tUTf9R5u6r0,0,inner_train,1,4,2302,8
A,tdIZZ9v0IGA,0,inner_train,6,24,2302,8
A,tnhRxo-g3Xw,0,inner_train,1,4,2302,8
A,trQLgl6ncmk,0,inner_train,5,20,2302,8
A,tw2xFbfgV4U,0,inner_train,11,44,2302,8
A,u94VPxEIJPg,0,inner_train,8,32,2302,8
A,uBgRo9tnv-I,0,inner_train,8,32,2302,8
A,uITHY4LORDs,0,inner_train,3,12,2302,8
A,uWW1ejwFURI,0,inner_train,1,4,2302,8
A,uXYAfpQUYVE,0,inner_train,10,40,2302,8
A,uYzZB4ccG1Q,0,inner_train,30,120,2302,8
A,uea5xJZygsc,0,inner_train,2,8,2302,8
A,uxHBEfIhY-E,0,inner_train,7,28,2302,8
A,uy9MGhVqCp8,0,inner_train,7,28,2302,8
A,v3l56fl6aJM,0,inner_train,3,12,2302,8
A,v45zoIrjoTo,0,inner_train,2,8,2302,8
A,v5AAvrZuR2U,0,inner_train,5,20,2302,8
A,v73dbqOUoXQ,0,inner_train,2,8,2302,8
A,vA68fTqDars,0,inner_train,2,8,2302,8
A,vM7m581tHn0,0,inner_train,9,36,2302,8
A,vRhj2bLo1ho,0,inner_train,8,32,2302,8
A,vRydHjRzDX0,0,inner_train,6,24,2302,8
A,vXABB4tBBUU,0,inner_train,6,24,2302,8
A,vbVLgaP5IYU,0,inner_train,3,12,2302,8
A,vlnKSMw5v1o,0,inner_train,6,24,2302,8
A,vop7tN_K64I,0,inner_train,6,24,2302,8
A,vrgwwihTxVQ,0,inner_train,2,8,2302,8
A,vwUBtNvjrU4,0,inner_train,14,56,2302,8
A,vx8j_4DMqh4,0,inner_train,2,8,2302,8
A,w-PFjo89Dpw,0,inner_train,9,36,2302,8
A,w44JDB1NmqM,0,inner_train,4,16,2302,8
A,w4xIyGs-3wc,0,inner_train,2,8,2302,8
A,wEs7pJH2mqQ,0,inner_train,5,20,2302,8
A,wI7DDCRh4Nw,0,inner_train,7,28,2302,8
A,wLrgvSYLPUI,0,inner_train,5,20,2302,8
A,wMggOhhVouA,0,inner_train,2,8,2302,8
A,wNx1ZnQ0MDQ,0,inner_train,5,20,2302,8
A,wVdoIjg3ZFQ,0,inner_train,6,24,2302,8
A,wY8JbFOsp5E,0,inner_train,2,8,2302,8
A,wb7CfuiIZFQ,0,inner_train,1,4,2302,8
A,wj4snKbUWZA,0,inner_train,4,16,2302,8
A,wrQVnClcNPM,0,inner_train,17,68,2302,8
A,x7ZR70cTa84,0,inner_train,2,8,2302,8
A,x92920ole0w,0,inner_train,4,16,2302,8
A,xAApNMTj3as,0,inner_train,1,4,2302,8
A,xBsrNFxnnuY,0,inner_train,7,28,2302,8
A,xP81rX2ATLI,0,inner_train,9,36,2302,8
A,xPN38lYBQv4,0,inner_train,2,8,2302,8
A,xRJXYUZVdas,0,inner_train,5,20,2302,8
A,xTBBDx3DkXQ,0,inner_train,7,28,2302,8
A,xUz5cCA-oTo,0,inner_train,12,48,2302,8
A,xYtNgq9eTlg,0,inner_train,8,32,2302,8
A,xaSf1d13WoY,0,inner_train,10,40,2302,8
A,xbl7bU5PGBs,0,inner_train,3,12,2302,8
A,xfP0bm6Z-7E,0,inner_train,6,24,2302,8
A,xgAwddSkrOo,0,inner_train,5,20,2302,8
A,xiRUWSUrGSg,0,inner_train,2,8,2302,8
A,xn9_4n4NpEw,0,inner_train,11,44,2302,8
A,xnNZyfhusAk,0,inner_train,4,16,2302,8
A,xomMHflvVDw,0,inner_train,25,100,2302,8
A,xu53lk4dhSc,0,inner_train,9,36,2302,8
A,xw-Blnej8EA,0,inner_train,1,4,2302,8
A,xwNQ7QuXaps,0,inner_train,6,24,2302,8
A,xyOa9ivNrg4,0,inner_train,2,8,2302,8
A,y1gL_MuokI8,0,inner_train,2,8,2302,8
A,y5JdqGL5DRc,0,inner_train,2,8,2302,8
A,yALhl-lMBxk,0,inner_train,2,8,2302,8
A,yBGuxyO-ElM,0,inner_train,4,16,2302,8
A,yNiJGh7JpLM,0,inner_train,3,12,2302,8
A,ySfHPyaDbqY,0,inner_train,4,16,2302,8
A,yZWH2P-h0jo,0,inner_train,3,12,2302,8
A,yrIXBklJ5YQ,0,inner_train,6,24,2302,8
A,yt9GpittX4U,0,inner_train,1,4,2302,8
A,yuwvVTnsDjc,0,inner_train,6,24,2302,8
A,yxZydS2qHzs,0,inner_train,2,8,2302,8
A,yyToAEoUuek,0,inner_train,3,12,2302,8
A,z-bupzylxEc,0,inner_train,1,4,2302,8
A,z7FicxE_pMU,0,inner_train,8,32,2302,8
A,zFTuwjr3xq0,0,inner_train,6,24,2302,8
A,zKNAu2CCeRs,0,inner_train,1,4,2302,8
A,zOHZDq2BvGo,0,inner_train,2,8,2302,8
A,zR-kKDaSDmE,0,inner_train,1,4,2302,8
A,zoPOeViAdOo,0,inner_train,1,4,2302,8
A,zsRTbbKlsEg,0,inner_train,1,4,2302,8
A,zuc7vUhZNfY,0,inner_train,2,8,2302,8
A,zv0Jl4TIQDc,0,inner_train,3,12,2302,8
A,zwTrXwi54us,0,inner_train,13,52,2302,8
A,-THoVjtIkeU,0,inner_valid,8,32,2302,8
A,-mqbVkbCndg,0,inner_valid,3,12,2302,8
A,-t217m2on-s,0,inner_valid,2,8,2302,8
A,0DBfvvIVmqY,0,inner_valid,11,44,2302,8
A,0EAAfLCQabY,0,inner_valid,3,12,2302,8
A,0WIwQgH4lKg,0,inner_valid,6,24,2302,8
A,110203,0,inner_valid,10,40,2302,8
A,112223,0,inner_valid,12,48,2302,8
A,194625,0,inner_valid,19,76,2302,8
A,1bzS0YF5hfs,0,inner_valid,1,4,2302,8
A,218708,0,inner_valid,20,80,2302,8
A,227173,0,inner_valid,17,68,2302,8
A,231025,0,inner_valid,18,72,2302,8
A,233366,0,inner_valid,8,32,2302,8
A,255338,0,inner_valid,12,48,2302,8
A,260011,0,inner_valid,21,84,2302,8
A,266938,0,inner_valid,55,220,2302,8
A,270449,0,inner_valid,12,48,2302,8
A,273314,0,inner_valid,9,36,2302,8
A,288714,0,inner_valid,20,80,2302,8
A,294178,0,inner_valid,20,80,2302,8
A,2Crezdbre6I,0,inner_valid,2,8,2302,8
A,2Zx4huY-KN8,0,inner_valid,2,8,2302,8
A,33439,0,inner_valid,12,48,2302,8
A,33ueXDUn3mA,0,inner_valid,7,28,2302,8
A,3J3Thmd_vks,0,inner_valid,1,4,2302,8
A,3n44IP3tCVE,0,inner_valid,12,48,2302,8
A,45184,0,inner_valid,6,24,2302,8
A,56006,0,inner_valid,13,52,2302,8
A,57618,0,inner_valid,17,68,2302,8
A,5JMpMKAO-Mk,0,inner_valid,3,12,2302,8
A,5hXC8JbiLd8,0,inner_valid,2,8,2302,8
A,78Ncka6CY70,0,inner_valid,1,4,2302,8
A,7EWOMjaKlus,0,inner_valid,14,56,2302,8
A,7SsmaZZ7mz0,0,inner_valid,4,16,2302,8
A,7ZzbemE4QEE,0,inner_valid,39,156,2302,8
A,88245,0,inner_valid,8,32,2302,8
A,94215,0,inner_valid,13,52,2302,8
A,96099,0,inner_valid,13,52,2302,8
A,96350,0,inner_valid,15,60,2302,8
A,9zWeMrfr-l0,0,inner_valid,5,20,2302,8
A,Bo5IDtP8_Fk,0,inner_valid,7,28,2302,8
A,CZigX1ntOsI,0,inner_valid,15,60,2302,8
A,DEFDuYyc-Xw,0,inner_valid,8,32,2302,8
A,DNzA2UIkRZk,0,inner_valid,1,4,2302,8
A,EEUGfVTyTQM,0,inner_valid,7,28,2302,8
A,EoC83JhkCAw,0,inner_valid,11,44,2302,8
A,GOj7TBcEA8E,0,inner_valid,17,68,2302,8
A,H4RysMUSQD8,0,inner_valid,8,32,2302,8
A,ITQTVfk9Iqo,0,inner_valid,12,48,2302,8
A,IW7IssCKgmI,0,inner_valid,9,36,2302,8
A,IsAtAzltJNM,0,inner_valid,6,24,2302,8
A,JlmpDdm1A1Y,0,inner_valid,5,20,2302,8
A,KR4MpF0YtgE,0,inner_valid,2,8,2302,8
A,L382XZ6iZmM,0,inner_valid,6,24,2302,8
A,NSihgq4R8Z0,0,inner_valid,3,12,2302,8
A,O0Nn-5UkfoA,0,inner_valid,2,8,2302,8
A,PANWQeBKStk,0,inner_valid,4,16,2302,8
A,Q7nhtfkIPN4,0,inner_valid,11,44,2302,8
A,QMAztkqnvws,0,inner_valid,2,8,2302,8
A,QOxIdbNwpx0,0,inner_valid,6,24,2302,8
A,R8leu0tEJ4o,0,inner_valid,6,24,2302,8
A,Ta_IgA3XJ3s,0,inner_valid,6,24,2302,8
A,U4-u5NZLA_w,0,inner_valid,2,8,2302,8
A,VUrTT7xsrec,0,inner_valid,3,12,2302,8
A,W-q9bPlMIVI,0,inner_valid,15,60,2302,8
A,WygyVNL_qdE,0,inner_valid,6,24,2302,8
A,XAgD-xoil40,0,inner_valid,6,24,2302,8
A,XQOUZhWI1B0,0,inner_valid,5,20,2302,8
A,XblL7mcdDdg,0,inner_valid,5,20,2302,8
A,ZZ1IyZaMTWQ,0,inner_valid,5,20,2302,8
A,_t8ETpf2LnM,0,inner_valid,1,4,2302,8
A,aE-X_QdDaqQ,0,inner_valid,3,12,2302,8
A,auTpzciNgls,0,inner_valid,5,20,2302,8
A,cZVM4svwE90,0,inner_valid,27,108,2302,8
A,dDFyJp_OkeA,0,inner_valid,5,20,2302,8
A,dWfgSGnd9zM,0,inner_valid,6,24,2302,8
A,dZolFNqR-hA,0,inner_valid,1,4,2302,8
A,e-2QlzFeyNU,0,inner_valid,2,8,2302,8
A,e0hYEr848TE,0,inner_valid,1,4,2302,8
A,eMa6gbD7id0,0,inner_valid,1,4,2302,8
A,efLrpnuLwyU,0,inner_valid,12,48,2302,8
A,etPDgRjrnJ8,0,inner_valid,4,16,2302,8
A,fdK_tsvBXJ8,0,inner_valid,4,16,2302,8
A,fnFoRPqkQeo,0,inner_valid,3,12,2302,8
A,fzuTEKwNS94,0,inner_valid,23,92,2302,8
A,g9rNhtFG9aU,0,inner_valid,6,24,2302,8
A,gjEYmdWrBLM,0,inner_valid,29,116,2302,8
A,gjSyl6evrWk,0,inner_valid,8,32,2302,8
A,gr9YU-UTJzQ,0,inner_valid,2,8,2302,8
A,grePRQ8zonA,0,inner_valid,5,20,2302,8
A,hIQhkTjNaQc,0,inner_valid,5,20,2302,8
A,hSgKOKK3L8M,0,inner_valid,8,32,2302,8
A,hjBQmIWiWgw,0,inner_valid,11,44,2302,8
A,hkGN5q3OOCE,0,inner_valid,2,8,2302,8
A,i5bmKlHv-SA,0,inner_valid,2,8,2302,8
A,j6R1NTrosuM,0,inner_valid,4,16,2302,8
A,kY64gXOapYk,0,inner_valid,5,20,2302,8
A,kh6eynD9OIk,0,inner_valid,15,60,2302,8
A,l8LTcZJ-_8k,0,inner_valid,23,92,2302,8
A,laxadgca3Fo,0,inner_valid,1,4,2302,8
A,luQfWSfb1s0,0,inner_valid,21,84,2302,8
A,mOnyMWhb5Ac,0,inner_valid,2,8,2302,8
A,mxFU6TrHChY,0,inner_valid,11,44,2302,8
A,oW1OEsP7Dds,0,inner_valid,3,12,2302,8
A,pnSRLB6anIM,0,inner_valid,7,28,2302,8
A,qJBQH14qtHc,0,inner_valid,8,32,2302,8
A,qXisb7w9LjM,0,inner_valid,3,12,2302,8
A,qpht9L3s9G4,0,inner_valid,2,8,2302,8
A,rCQYq4T8SEI,0,inner_valid,5,20,2302,8
A,rvQ2cRnroOU,0,inner_valid,11,44,2302,8
A,sFxUNO2HOKY,0,inner_valid,6,24,2302,8
A,sPxoGNvnVzg,0,inner_valid,5,20,2302,8
A,snVkfJKvjwk,0,inner_valid,3,12,2302,8
A,t4-ZulW5np4,0,inner_valid,5,20,2302,8
A,taCchyi5h68,0,inner_valid,1,4,2302,8
A,tv8IhQZQuJI,0,inner_valid,11,44,2302,8
A,tvE_DucE0_k,0,inner_valid,5,20,2302,8
A,u8ViR4L2cVk,0,inner_valid,3,12,2302,8
A,uQds2dN1AiM,0,inner_valid,1,4,2302,8
A,uU_3tbZ1zG8,0,inner_valid,12,48,2302,8
A,v2DFe9X-jCY,0,inner_valid,9,36,2302,8
A,vM9AH4EqCaA,0,inner_valid,3,12,2302,8
A,vqBRkjHWjXM,0,inner_valid,1,4,2302,8
A,wLj_gnNON7A,0,inner_valid,21,84,2302,8
A,wRKVNiABc0w,0,inner_valid,17,68,2302,8
A,wdU-0bttAkc,0,inner_valid,2,8,2302,8
A,zFuRNvfC4So,0,inner_valid,9,36,2302,8
A,zR62DCEMWgs,0,inner_valid,5,20,2302,8
A,zWfDRPy4lXQ,0,inner_valid,1,4,2302,8
A,-HwX2H8Z4hY,1,outer_evaluation,10,40,2302,8
A,-WXXTNIJcVM,1,outer_evaluation,5,20,2302,8
A,-aNfi7CP8vM,1,outer_evaluation,2,8,2302,8
A,-aqamKhZ1Ec,1,outer_evaluation,3,12,2302,8
A,-dxfTGcXJoc,1,outer_evaluation,8,32,2302,8
A,-lzEya4AM_4,1,outer_evaluation,5,20,2302,8
A,-mJ2ud6oKI8,1,outer_evaluation,9,36,2302,8
A,-tANM6ETl_M,1,outer_evaluation,3,12,2302,8
A,-vxjVxOeScU,1,outer_evaluation,3,12,2302,8
A,-wMB_hJL-3o,1,outer_evaluation,4,16,2302,8
A,07Z16yRBFUQ,1,outer_evaluation,3,12,2302,8
A,0EphpADwdPg,1,outer_evaluation,6,24,2302,8
A,0JuRmhhgMw8,1,outer_evaluation,8,32,2302,8
A,0SfejBuLgFo,1,outer_evaluation,8,32,2302,8
A,0Svu5BldR5A,1,outer_evaluation,2,8,2302,8
A,0W4WsjhDgUI,1,outer_evaluation,1,4,2302,8
A,0Xs8wJrAmxs,1,outer_evaluation,4,16,2302,8
A,0YdYFtVdlWE,1,outer_evaluation,22,88,2302,8
A,0mXv97u2OCM,1,outer_evaluation,2,8,2302,8
A,0p9XKC_J3hU,1,outer_evaluation,1,4,2302,8
A,0r8KVXUCV6c,1,outer_evaluation,4,16,2302,8
A,0rE8jEvQW_I,1,outer_evaluation,9,36,2302,8
A,0tkWa2skSmA,1,outer_evaluation,2,8,2302,8
A,100499,1,outer_evaluation,7,28,2302,8
A,101851,1,outer_evaluation,21,84,2302,8
A,10223,1,outer_evaluation,10,40,2302,8
A,106077,1,outer_evaluation,15,60,2302,8
A,108793,1,outer_evaluation,19,76,2302,8
A,110766,1,outer_evaluation,10,40,2302,8
A,110788,1,outer_evaluation,7,28,2302,8
A,112604,1,outer_evaluation,5,20,2302,8
A,113265,1,outer_evaluation,10,40,2302,8
A,120vnZnmhq4,1,outer_evaluation,1,4,2302,8
A,125708,1,outer_evaluation,1,4,2302,8
A,125730,1,outer_evaluation,16,64,2302,8
A,125895,1,outer_evaluation,10,40,2302,8
A,127470,1,outer_evaluation,13,52,2302,8
A,12812,1,outer_evaluation,7,28,2302,8
A,128752,1,outer_evaluation,17,68,2302,8
A,130149,1,outer_evaluation,7,28,2302,8
A,130426,1,outer_evaluation,9,36,2302,8
A,130448,1,outer_evaluation,10,40,2302,8
A,130633,1,outer_evaluation,11,44,2302,8
A,131650,1,outer_evaluation,11,44,2302,8
A,131936,1,outer_evaluation,8,32,2302,8
A,134252,1,outer_evaluation,10,40,2302,8
A,136211,1,outer_evaluation,8,32,2302,8
A,139006,1,outer_evaluation,13,52,2302,8
A,154449,1,outer_evaluation,14,56,2302,8
A,15Wu4U2VPLw,1,outer_evaluation,8,32,2302,8
A,15ktF-6wutk,1,outer_evaluation,7,28,2302,8
A,180923,1,outer_evaluation,15,60,2302,8
A,184784,1,outer_evaluation,7,28,2302,8
A,18QjfdhJEM4,1,outer_evaluation,19,76,2302,8
A,193291,1,outer_evaluation,4,16,2302,8
A,19k6sEC7814,1,outer_evaluation,6,24,2302,8
A,1CjUHNYzW1E,1,outer_evaluation,6,24,2302,8
A,1F0qH0EEBfo,1,outer_evaluation,25,100,2302,8
A,1J9Fa995Ojs,1,outer_evaluation,1,4,2302,8
A,1W38PnuWIkM,1,outer_evaluation,8,32,2302,8
A,1cyUKHOvdYY,1,outer_evaluation,4,16,2302,8
A,1dWsw38VDjY,1,outer_evaluation,5,20,2302,8
A,1fqNb8cfLFE,1,outer_evaluation,2,8,2302,8
A,1mHjMNZZvFo,1,outer_evaluation,7,28,2302,8
A,1rVly2oeBJg,1,outer_evaluation,1,4,2302,8
A,1tQOvm5eQOA,1,outer_evaluation,10,40,2302,8
A,1tuMFJnlXJc,1,outer_evaluation,11,44,2302,8
A,1x7kf9vArjU,1,outer_evaluation,3,12,2302,8
A,2-4autDbHVQ,1,outer_evaluation,20,80,2302,8
A,2-EJz4RG4g4,1,outer_evaluation,1,4,2302,8
A,206051,1,outer_evaluation,16,64,2302,8
A,206507,1,outer_evaluation,14,56,2302,8
A,206606,1,outer_evaluation,11,44,2302,8
A,207812,1,outer_evaluation,10,40,2302,8
A,208416,1,outer_evaluation,17,68,2302,8
A,209354,1,outer_evaluation,12,48,2302,8
A,209775,1,outer_evaluation,11,44,2302,8
A,210618,1,outer_evaluation,18,72,2302,8
A,214095,1,outer_evaluation,15,60,2302,8
A,216007,1,outer_evaluation,32,128,2302,8
A,21638,1,outer_evaluation,7,28,2302,8
A,219310,1,outer_evaluation,11,44,2302,8
A,21Kxt5L9OBE,1,outer_evaluation,2,8,2302,8
A,220134,1,outer_evaluation,27,108,2302,8
A,220200,1,outer_evaluation,14,56,2302,8
A,223926,1,outer_evaluation,9,36,2302,8
A,225343,1,outer_evaluation,17,68,2302,8
A,225416,1,outer_evaluation,17,68,2302,8
A,225768,1,outer_evaluation,17,68,2302,8
A,227416,1,outer_evaluation,13,52,2302,8
A,22880,1,outer_evaluation,11,44,2302,8
A,229090,1,outer_evaluation,23,92,2302,8
A,230252,1,outer_evaluation,15,60,2302,8
A,233356,1,outer_evaluation,12,48,2302,8
A,236696,1,outer_evaluation,16,64,2302,8
A,238023,1,outer_evaluation,39,156,2302,8
A,238039,1,outer_evaluation,13,52,2302,8
A,238645,1,outer_evaluation,24,96,2302,8
A,238889,1,outer_evaluation,12,48,2302,8
A,23YlZoucbyM,1,outer_evaluation,7,28,2302,8
A,241164,1,outer_evaluation,13,52,2302,8
A,241172,1,outer_evaluation,8,32,2302,8
A,24202,1,outer_evaluation,12,48,2302,8
A,243341,1,outer_evaluation,37,148,2302,8
A,244261,1,outer_evaluation,26,104,2302,8
A,244817,1,outer_evaluation,10,40,2302,8
A,244829,1,outer_evaluation,11,44,2302,8
A,244836,1,outer_evaluation,11,44,2302,8
A,245243,1,outer_evaluation,5,20,2302,8
A,245276,1,outer_evaluation,17,68,2302,8
A,245497,1,outer_evaluation,6,24,2302,8
A,251646,1,outer_evaluation,14,56,2302,8
A,251826,1,outer_evaluation,10,40,2302,8
A,25522,1,outer_evaluation,6,24,2302,8
A,255224,1,outer_evaluation,11,44,2302,8
A,255343,1,outer_evaluation,13,52,2302,8
A,255852,1,outer_evaluation,11,44,2302,8
A,256174,1,outer_evaluation,16,64,2302,8
A,257045,1,outer_evaluation,14,56,2302,8
A,257531,1,outer_evaluation,19,76,2302,8
A,259260,1,outer_evaluation,40,160,2302,8
A,25t8nrkUfRY,1,outer_evaluation,2,8,2302,8
A,261326,1,outer_evaluation,4,16,2302,8
A,261900,1,outer_evaluation,45,180,2302,8
A,262165,1,outer_evaluation,27,108,2302,8
A,264446,1,outer_evaluation,50,200,2302,8
A,266852,1,outer_evaluation,28,112,2302,8
A,267252,1,outer_evaluation,19,76,2302,8
A,26WrTHLJJIU,1,outer_evaluation,2,8,2302,8
A,270665,1,outer_evaluation,34,136,2302,8
A,270956,1,outer_evaluation,18,72,2302,8
A,271366,1,outer_evaluation,47,188,2302,8
A,271594,1,outer_evaluation,42,168,2302,8
A,271598,1,outer_evaluation,35,140,2302,8
A,273531,1,outer_evaluation,22,88,2302,8
A,275248,1,outer_evaluation,1,4,2302,8
A,275620,1,outer_evaluation,25,100,2302,8
A,277991,1,outer_evaluation,8,32,2302,8
A,27ubp7CLLKQ,1,outer_evaluation,6,24,2302,8
A,282560,1,outer_evaluation,20,80,2302,8
A,282586,1,outer_evaluation,29,116,2302,8
A,284673,1,outer_evaluation,19,76,2302,8
A,288766,1,outer_evaluation,24,96,2302,8
A,290088,1,outer_evaluation,13,52,2302,8
A,29044,1,outer_evaluation,16,64,2302,8
A,292277,1,outer_evaluation,11,44,2302,8
A,295793,1,outer_evaluation,18,72,2302,8
A,2HmBM3GGTlg,1,outer_evaluation,11,44,2302,8
A,2OLVF-KEaZU,1,outer_evaluation,3,12,2302,8
A,2QOf2wSu0j0,1,outer_evaluation,2,8,2302,8
A,2c2fhh_Dsoo,1,outer_evaluation,4,16,2302,8
A,2c6Gb73nx4E,1,outer_evaluation,3,12,2302,8
A,2f6ZHqJ76EU,1,outer_evaluation,8,32,2302,8
A,2h9VVQUZjK0,1,outer_evaluation,13,52,2302,8
A,2iukwQJjGHE,1,outer_evaluation,1,4,2302,8
A,2lj0BaPsJpM,1,outer_evaluation,4,16,2302,8
A,2mWPHvbKzL8,1,outer_evaluation,15,60,2302,8
A,2qKajMu7Vhc,1,outer_evaluation,5,20,2302,8
A,2vX-ZRQQDwo,1,outer_evaluation,7,28,2302,8
A,32j1yMF37hA,1,outer_evaluation,3,12,2302,8
A,34-ogj6rh6w,1,outer_evaluation,9,36,2302,8
A,36098,1,outer_evaluation,11,44,2302,8
A,36o2cux9kfQ,1,outer_evaluation,2,8,2302,8
A,38019,1,outer_evaluation,12,48,2302,8
A,38374,1,outer_evaluation,10,40,2302,8
A,3B1zIUj-k3o,1,outer_evaluation,7,28,2302,8
A,3DgOMTs3A1E,1,outer_evaluation,29,116,2302,8
A,3GyEnzE1NTQ,1,outer_evaluation,10,40,2302,8
A,3HRnhUin-5g,1,outer_evaluation,7,28,2302,8
A,3OMgvtWNHp4,1,outer_evaluation,8,32,2302,8
A,3OuNMjZo5wg,1,outer_evaluation,3,12,2302,8
A,3Wi0if_L6Ug,1,outer_evaluation,12,48,2302,8
A,3aIQUQgawaI,1,outer_evaluation,8,32,2302,8
A,3f6xCzKx9CA,1,outer_evaluation,4,16,2302,8
A,3kNPvhdF1NA,1,outer_evaluation,2,8,2302,8
A,3lkn8MS3n8Q,1,outer_evaluation,16,64,2302,8
A,3oHPsYc8bmw,1,outer_evaluation,3,12,2302,8
A,3paDwuRQP1w,1,outer_evaluation,4,16,2302,8
A,3sUS8vXbRwg,1,outer_evaluation,5,20,2302,8
A,40181,1,outer_evaluation,23,92,2302,8
A,43371,1,outer_evaluation,11,44,2302,8
A,43456,1,outer_evaluation,11,44,2302,8
A,45175,1,outer_evaluation,10,40,2302,8
A,45c3QQzGakM,1,outer_evaluation,2,8,2302,8
A,46618,1,outer_evaluation,9,36,2302,8
A,48BD8qjClfE,1,outer_evaluation,1,4,2302,8
A,49358,1,outer_evaluation,14,56,2302,8
A,4AQC7_uCuEE,1,outer_evaluation,22,88,2302,8
A,4CKhrjuuofk,1,outer_evaluation,9,36,2302,8
A,4Fw9TbWIVJI,1,outer_evaluation,1,4,2302,8
A,4H9RfQuqsvg,1,outer_evaluation,5,20,2302,8
A,4Kh5N9W-Jr4,1,outer_evaluation,11,44,2302,8
A,4Q95Lg3Icho,1,outer_evaluation,25,100,2302,8
A,4Ry6M_ZfJQc,1,outer_evaluation,2,8,2302,8
A,4VA4kqMnEqA,1,outer_evaluation,9,36,2302,8
A,4Vl6AeEkAg4,1,outer_evaluation,2,8,2302,8
A,4Z47qIrVil4,1,outer_evaluation,2,8,2302,8
A,4ZhIx2ozUIE,1,outer_evaluation,4,16,2302,8
A,4iw1jTY-X3A,1,outer_evaluation,10,40,2302,8
A,4qVvLLFEYnk,1,outer_evaluation,1,4,2302,8
A,4qjz4BQCZyM,1,outer_evaluation,2,8,2302,8
A,52068,1,outer_evaluation,22,88,2302,8
A,52839,1,outer_evaluation,14,56,2302,8
A,55156,1,outer_evaluation,13,52,2302,8
A,5F-KEGK9eXo,1,outer_evaluation,2,8,2302,8
A,5Fs_7A_V2kA,1,outer_evaluation,5,20,2302,8
A,5IhAgV0Bf_4,1,outer_evaluation,3,12,2302,8
A,5OXuBO5buF8,1,outer_evaluation,3,12,2302,8
A,5QXHyL3BMto,1,outer_evaluation,2,8,2302,8
A,5R5fDxZUL8M,1,outer_evaluation,8,32,2302,8
A,5RVF_3YBUVI,1,outer_evaluation,1,4,2302,8
A,5Tqu1IXJjGY,1,outer_evaluation,5,20,2302,8
A,5YnYGjrhzF4,1,outer_evaluation,10,40,2302,8
A,5eA5HpyFsIk,1,outer_evaluation,2,8,2302,8
A,5oEuiBPUTYc,1,outer_evaluation,6,24,2302,8
A,5qQs9Cfydo4,1,outer_evaluation,6,24,2302,8
A,5tV5rZZJDCE,1,outer_evaluation,5,20,2302,8
A,5wpCKY2U1NE,1,outer_evaluation,8,32,2302,8
A,60Qw70Rd9Yg,1,outer_evaluation,3,12,2302,8
A,69707,1,outer_evaluation,8,32,2302,8
A,69NtV79qgOg,1,outer_evaluation,5,20,2302,8
A,6E-yr6nPxGA,1,outer_evaluation,4,16,2302,8
A,6G8JJ69aN6o,1,outer_evaluation,7,28,2302,8
A,6IUj6jyoTl0,1,outer_evaluation,3,12,2302,8
A,6J_yzh1LNAE,1,outer_evaluation,2,8,2302,8
A,6MloL1gIccs,1,outer_evaluation,11,44,2302,8
A,6PLlauWxF5E,1,outer_evaluation,2,8,2302,8
A,6TDXQtGUNEs,1,outer_evaluation,12,48,2302,8
A,6TKaGMkO69E,1,outer_evaluation,3,12,2302,8
A,6UV6ktwbLoo,1,outer_evaluation,4,16,2302,8
A,6Vg10LxmWUY,1,outer_evaluation,5,20,2302,8
A,6WDchK7TuL8,1,outer_evaluation,3,12,2302,8
A,6YNAmRjpxlA,1,outer_evaluation,4,16,2302,8
A,6c7vAwDSVGc,1,outer_evaluation,2,8,2302,8
A,6hp1SGhVYfY,1,outer_evaluation,2,8,2302,8
A,6q5uKCgairk,1,outer_evaluation,14,56,2302,8
A,6qmReTSoz0E,1,outer_evaluation,1,4,2302,8
A,6rkV4QRcVnk,1,outer_evaluation,7,28,2302,8
A,6vbd4o5rIjM,1,outer_evaluation,7,28,2302,8
A,70710,1,outer_evaluation,4,16,2302,8
A,708sewcSXVY,1,outer_evaluation,3,12,2302,8
A,72017,1,outer_evaluation,14,56,2302,8
A,72tXTrSXoMk,1,outer_evaluation,9,36,2302,8
A,73447,1,outer_evaluation,18,72,2302,8
A,74184,1,outer_evaluation,13,52,2302,8
A,74870,1,outer_evaluation,12,48,2302,8
A,75938,1,outer_evaluation,10,40,2302,8
A,76124,1,outer_evaluation,11,44,2302,8
A,79934,1,outer_evaluation,7,28,2302,8
A,7CLe7PZtna4,1,outer_evaluation,2,8,2302,8
A,7U_z0JfleAw,1,outer_evaluation,5,20,2302,8
A,7Vp6Lvin1rA,1,outer_evaluation,5,20,2302,8
A,7eWclVCXOtk,1,outer_evaluation,8,32,2302,8
A,7fPYpqzw1iY,1,outer_evaluation,2,8,2302,8
A,7hSWYI99-24,1,outer_evaluation,5,20,2302,8
A,7oFimEZJQ_A,1,outer_evaluation,4,16,2302,8
A,7rMLN0KKE5k,1,outer_evaluation,29,116,2302,8
A,7vJy1zbopJ8,1,outer_evaluation,1,4,2302,8
A,7xiu1tAJ2d8,1,outer_evaluation,12,48,2302,8
A,80627,1,outer_evaluation,14,56,2302,8
A,80866,1,outer_evaluation,17,68,2302,8
A,81538,1,outer_evaluation,12,48,2302,8
A,81668,1,outer_evaluation,9,36,2302,8
A,83859,1,outer_evaluation,38,152,2302,8
A,83_N43pvgHI,1,outer_evaluation,2,8,2302,8
A,84133,1,outer_evaluation,24,96,2302,8
A,856LGms_0s0,1,outer_evaluation,3,12,2302,8
A,87161,1,outer_evaluation,15,60,2302,8
A,88119,1,outer_evaluation,7,28,2302,8
A,88888,1,outer_evaluation,11,44,2302,8
A,88S1BjwMfdw,1,outer_evaluation,5,20,2302,8
A,88oSn21TFcA,1,outer_evaluation,7,28,2302,8
A,89747,1,outer_evaluation,10,40,2302,8
A,8Cp8c-eQELQ,1,outer_evaluation,13,52,2302,8
A,8EHEEXex5D8,1,outer_evaluation,13,52,2302,8
A,8F1mj-XT6KA,1,outer_evaluation,3,12,2302,8
A,8VP1qxX9mh4,1,outer_evaluation,2,8,2302,8
A,8XODJwsvBa0,1,outer_evaluation,1,4,2302,8
A,8YsIvz4qnk4,1,outer_evaluation,2,8,2302,8
A,8aZbX-xMdgI,1,outer_evaluation,1,4,2302,8
A,8f_lBxZgDb0,1,outer_evaluation,2,8,2302,8
A,8wdxczYf1jI,1,outer_evaluation,2,8,2302,8
A,8x81fzwcJko,1,outer_evaluation,3,12,2302,8
A,9-EO2oCAGA4,1,outer_evaluation,13,52,2302,8
A,90172,1,outer_evaluation,15,60,2302,8
A,90wZz0thye4,1,outer_evaluation,10,40,2302,8
A,91y7nPEWdmQ,1,outer_evaluation,1,4,2302,8
A,92221,1,outer_evaluation,19,76,2302,8
A,92331,1,outer_evaluation,26,104,2302,8
A,92521,1,outer_evaluation,10,40,2302,8
A,92533,1,outer_evaluation,11,44,2302,8
A,93821,1,outer_evaluation,17,68,2302,8
A,93839,1,outer_evaluation,13,52,2302,8
A,94983,1,outer_evaluation,14,56,2302,8
A,95mDHiLeDCM,1,outer_evaluation,4,16,2302,8
A,96179,1,outer_evaluation,17,68,2302,8
A,96o9hxy64wI,1,outer_evaluation,2,8,2302,8
A,97095,1,outer_evaluation,38,152,2302,8
A,98187,1,outer_evaluation,15,60,2302,8
A,98442,1,outer_evaluation,11,44,2302,8
A,984VkHzXl8w,1,outer_evaluation,6,24,2302,8
A,9BceQC_SdTM,1,outer_evaluation,3,12,2302,8
A,9K4aWWoXuyU,1,outer_evaluation,2,8,2302,8
A,9Nhoi1jfDbY,1,outer_evaluation,3,12,2302,8
A,9Un1O2ypJmI,1,outer_evaluation,4,16,2302,8
A,9VZ4cpoTFbo,1,outer_evaluation,4,16,2302,8
A,9XCmrHbU-rU,1,outer_evaluation,1,4,2302,8
A,9cSJglGi9Pg,1,outer_evaluation,14,56,2302,8
A,9ceYD_OzPz8,1,outer_evaluation,1,4,2302,8
A,9f6A3ucYArQ,1,outer_evaluation,4,16,2302,8
A,9pzn93kdP_g,1,outer_evaluation,10,40,2302,8
A,A0aE2Gzym-M,1,outer_evaluation,1,4,2302,8
A,A2E78CGi5TU,1,outer_evaluation,9,36,2302,8
A,ADYia28RrFU,1,outer_evaluation,8,32,2302,8
A,AGM-hNupJik,1,outer_evaluation,1,4,2302,8
A,AIPqRuTjI4E,1,outer_evaluation,5,20,2302,8
A,AKofHsmxa1I,1,outer_evaluation,4,16,2302,8
A,ALlKbGE6BH0,1,outer_evaluation,2,8,2302,8
A,ARNWtLCbfW4,1,outer_evaluation,6,24,2302,8
A,AVScVfLgNmw,1,outer_evaluation,7,28,2302,8
A,AjgDuPEp9sI,1,outer_evaluation,2,8,2302,8
A,AmGocfFQfVE,1,outer_evaluation,9,36,2302,8
A,B1B71X_SmwY,1,outer_evaluation,19,76,2302,8
A,BBSVLGf7zPI,1,outer_evaluation,3,12,2302,8
A,BB_VwJSg3AI,1,outer_evaluation,3,12,2302,8
A,BLFUj7_uy_0,1,outer_evaluation,13,52,2302,8
A,BMhG11CXgww,1,outer_evaluation,5,20,2302,8
A,BNaRO9g8ugQ,1,outer_evaluation,1,4,2302,8
A,BRdw-_dbJXc,1,outer_evaluation,9,36,2302,8
A,BRzjQHYWbSs,1,outer_evaluation,15,60,2302,8
A,BZOB3r5AoKE,1,outer_evaluation,4,16,2302,8
A,BaX10vbFhuU,1,outer_evaluation,3,12,2302,8
A,BdqoZ5qpz0E,1,outer_evaluation,16,64,2302,8
A,BnWvk0YRgE4,1,outer_evaluation,1,4,2302,8
A,BseI8-TYWm8,1,outer_evaluation,4,16,2302,8
A,BvvttuYysvg,1,outer_evaluation,1,4,2302,8
A,C2xNDBU2Z0s,1,outer_evaluation,3,12,2302,8
A,C3lDRFu1ZcI,1,outer_evaluation,7,28,2302,8
A,C74-of1rjg4,1,outer_evaluation,2,8,2302,8
A,CE9yV4SearE,1,outer_evaluation,8,32,2302,8
A,CIqRibqChDQ,1,outer_evaluation,4,16,2302,8
A,CK31s0kfp-k,1,outer_evaluation,6,24,2302,8
A,CQnwOZRgQXs,1,outer_evaluation,2,8,2302,8
A,CT7QOWbhfv4,1,outer_evaluation,1,4,2302,8
A,CVx494kExvc,1,outer_evaluation,13,52,2302,8
A,CXojk-oSaEw,1,outer_evaluation,4,16,2302,8
A,CbQxC1iPyS8,1,outer_evaluation,6,24,2302,8
A,Cd0JH1AreDw,1,outer_evaluation,6,24,2302,8
A,CdB8QBhFccs,1,outer_evaluation,8,32,2302,8
A,CfWxp5bRt2A,1,outer_evaluation,5,20,2302,8
A,CqFt3_uka14,1,outer_evaluation,5,20,2302,8
A,Ctc23Icfzvg,1,outer_evaluation,6,24,2302,8
A,CuFLRnu4FQ8,1,outer_evaluation,3,12,2302,8
A,D-DqVICJXBU,1,outer_evaluation,1,4,2302,8
A,D02PT0bl88A,1,outer_evaluation,5,20,2302,8
A,DXQGngge7vU,1,outer_evaluation,6,24,2302,8
A,DaXkixKFEvE,1,outer_evaluation,3,12,2302,8
A,DfTMoqwMHVE,1,outer_evaluation,7,28,2302,8
A,DgO5O-oDeX8,1,outer_evaluation,3,12,2302,8
A,DiOw-w5LDJ0,1,outer_evaluation,6,24,2302,8
A,DtwbwyfajnI,1,outer_evaluation,4,16,2302,8
A,E7ZLz3tSwNM,1,outer_evaluation,4,16,2302,8
A,E8L1Z71vKG8,1,outer_evaluation,3,12,2302,8
A,EGA6iulTr00,1,outer_evaluation,4,16,2302,8
A,EHbZ2EeVags,1,outer_evaluation,1,4,2302,8
A,EJT25p7JahU,1,outer_evaluation,5,20,2302,8
A,EO_SN04Xef0,1,outer_evaluation,5,20,2302,8
A,EOkdFMw0pmk,1,outer_evaluation,10,40,2302,8
A,ERnYvxojeu0,1,outer_evaluation,6,24,2302,8
A,EULEL3QhKD0,1,outer_evaluation,4,16,2302,8
A,EZkOWskJl20,1,outer_evaluation,2,8,2302,8
A,E_oqbJatW3E,1,outer_evaluation,2,8,2302,8
A,Ea_Huc2-lwo,1,outer_evaluation,3,12,2302,8
A,EfQoSpEZa0o,1,outer_evaluation,4,16,2302,8
A,EiG3r8hAVeY,1,outer_evaluation,8,32,2302,8
A,Emi9cw9xa00,1,outer_evaluation,11,44,2302,8
A,Emjv2cDzW1E,1,outer_evaluation,3,12,2302,8
A,EpadyoYlAjQ,1,outer_evaluation,7,28,2302,8
A,ExDLNkDVsxY,1,outer_evaluation,9,36,2302,8
A,F4OhXQTMOEc,1,outer_evaluation,7,28,2302,8
A,F5SGdvSRJmo,1,outer_evaluation,11,44,2302,8
A,FCMbWx2JpZ0,1,outer_evaluation,2,8,2302,8
A,FGnHDWGYsA8,1,outer_evaluation,2,8,2302,8
A,FHlzZ2VxuGQ,1,outer_evaluation,8,32,2302,8
A,FLyWn2DCci4,1,outer_evaluation,3,12,2302,8
A,FMW6diQ9rMo,1,outer_evaluation,8,32,2302,8
A,FOMXt3lStco,1,outer_evaluation,3,12,2302,8
A,FP3o75bpi8k,1,outer_evaluation,3,12,2302,8
A,FX-YgVKC1AI,1,outer_evaluation,3,12,2302,8
A,FdTczBnXtYU,1,outer_evaluation,4,16,2302,8
A,Fmwc7wkIc4Q,1,outer_evaluation,15,60,2302,8
A,FsmNLTdE2p0,1,outer_evaluation,2,8,2302,8
A,FylhSeozvG8,1,outer_evaluation,13,52,2302,8
A,G1Z_JUTgZqo,1,outer_evaluation,3,12,2302,8
A,G3RPgs_7l3U,1,outer_evaluation,3,12,2302,8
A,G4HMKRdIva0,1,outer_evaluation,17,68,2302,8
A,G8p4QMjLUXI,1,outer_evaluation,9,36,2302,8
A,GMnoxaqqReQ,1,outer_evaluation,2,8,2302,8
A,GUffC7vu9zA,1,outer_evaluation,7,28,2302,8
A,G_M3lYn6hAA,1,outer_evaluation,3,12,2302,8
A,GcfETVXgtg0,1,outer_evaluation,4,16,2302,8
A,Gg9ZcRlwnbc,1,outer_evaluation,12,48,2302,8
A,GjCUDqWSI6c,1,outer_evaluation,2,8,2302,8
A,GkoBk5K-FH0,1,outer_evaluation,15,60,2302,8
A,GpRDC-S88dM,1,outer_evaluation,28,112,2302,8
A,GtRxTvuF6J0,1,outer_evaluation,6,24,2302,8
A,Gv0kKbfwPpI,1,outer_evaluation,3,12,2302,8
A,GxWLhv-Vt78,1,outer_evaluation,2,8,2302,8
A,H26MMmrHTlQ,1,outer_evaluation,10,40,2302,8
A,H4w9mU8B3Mc,1,outer_evaluation,4,16,2302,8
A,HIsJqphLCyw,1,outer_evaluation,3,12,2302,8
A,HLFaW4oVP9E,1,outer_evaluation,7,28,2302,8
A,HOCsiS0pmf0,1,outer_evaluation,5,20,2302,8
A,HQ2LwfRcrVc,1,outer_evaluation,8,32,2302,8
A,HS-2vVP95u8,1,outer_evaluation,2,8,2302,8
A,HVksxaUzv9Y,1,outer_evaluation,5,20,2302,8
A,Ha7DMd_iKyM,1,outer_evaluation,2,8,2302,8
A,HfLVQZLvcH8,1,outer_evaluation,1,4,2302,8
A,HgDdU_RB9UA,1,outer_evaluation,7,28,2302,8
A,HhpziYYP2Vg,1,outer_evaluation,14,56,2302,8
A,HjLpXXFoAQw,1,outer_evaluation,2,8,2302,8
A,Hkt_kncJGVM,1,outer_evaluation,3,12,2302,8
A,I8MM8y1XVjs,1,outer_evaluation,4,16,2302,8
A,IB0lGIxP8YY,1,outer_evaluation,7,28,2302,8
A,IHv_yBn83P8,1,outer_evaluation,2,8,2302,8
A,IawsOlEKRf0,1,outer_evaluation,9,36,2302,8
A,IgenXuE4qIM,1,outer_evaluation,2,8,2302,8
A,IiGzuoblKSM,1,outer_evaluation,1,4,2302,8
A,IlgnbEdOhmI,1,outer_evaluation,3,12,2302,8
A,It6xg0WcqJ0,1,outer_evaluation,1,4,2302,8
A,ItnyexqXR_U,1,outer_evaluation,3,12,2302,8
A,Itqbc2TBXWY,1,outer_evaluation,26,104,2302,8
A,IwQWibE8EOM,1,outer_evaluation,7,28,2302,8
A,Iz_PDdyXr-8,1,outer_evaluation,5,20,2302,8
A,J3-NEG8uoiE,1,outer_evaluation,15,60,2302,8
A,J3JU1zBQ4RM,1,outer_evaluation,6,24,2302,8
A,JCg26b8EO48,1,outer_evaluation,10,40,2302,8
A,JDgqyOkzXHw,1,outer_evaluation,10,40,2302,8
A,JGZb_ygtB0g,1,outer_evaluation,2,8,2302,8
A,JHW3nD6flgU,1,outer_evaluation,8,32,2302,8
A,JMzilFvwNXE,1,outer_evaluation,3,12,2302,8
A,JP95Fby6qLE,1,outer_evaluation,9,36,2302,8
A,JW2HHfQiGVs,1,outer_evaluation,6,24,2302,8
A,JWG_MUy7EWQ,1,outer_evaluation,3,12,2302,8
A,JX-mwjSw0dk,1,outer_evaluation,4,16,2302,8
A,JY-krIuEUm4,1,outer_evaluation,1,4,2302,8
A,JYsAacFmXEo,1,outer_evaluation,7,28,2302,8
A,J_DtcW86D9c,1,outer_evaluation,5,20,2302,8
A,JdFaSggG58c,1,outer_evaluation,8,32,2302,8
A,Jg2okZn6Ut8,1,outer_evaluation,1,4,2302,8
A,JkHxzOWOLfs,1,outer_evaluation,1,4,2302,8
A,JwzxqrD8tIo,1,outer_evaluation,5,20,2302,8
A,Jz9nlw15QZo,1,outer_evaluation,2,8,2302,8
A,K1VeXZxR24U,1,outer_evaluation,4,16,2302,8
A,K5cGfs3i-tk,1,outer_evaluation,11,44,2302,8
A,K62NK2KYhws,1,outer_evaluation,12,48,2302,8
A,K7KEtrgBkz4,1,outer_evaluation,3,12,2302,8
A,K9-KyChw8RM,1,outer_evaluation,7,28,2302,8
A,K9U2TAF9DDY,1,outer_evaluation,5,20,2302,8
A,KEUVzxC7T3E,1,outer_evaluation,4,16,2302,8
A,KF5wgQPp2yc,1,outer_evaluation,2,8,2302,8
A,KI2sU-mhM44,1,outer_evaluation,9,36,2302,8
A,KJyz9fCt7Is,1,outer_evaluation,4,16,2302,8
A,KPeos6f4HuQ,1,outer_evaluation,7,28,2302,8
A,KQ86HmgwUns,1,outer_evaluation,5,20,2302,8
A,KSyX-lejDcc,1,outer_evaluation,7,28,2302,8
A,KUVGWCTT5DU,1,outer_evaluation,3,12,2302,8
A,K_5u2Wh_wGk,1,outer_evaluation,8,32,2302,8
A,K_K3wpxkRc8,1,outer_evaluation,4,16,2302,8
A,KgXuILFtgJQ,1,outer_evaluation,5,20,2302,8
A,Kmtib-wZ0jM,1,outer_evaluation,3,12,2302,8
A,Kpe5fISxRTg,1,outer_evaluation,2,8,2302,8
A,L1gXZVU6AE4,1,outer_evaluation,2,8,2302,8
A,L2uC4_Co9uw,1,outer_evaluation,1,4,2302,8
A,L3b9wwZ8vRQ,1,outer_evaluation,1,4,2302,8
A,L5a2ijeWpUI,1,outer_evaluation,5,20,2302,8
A,LAj3rqJvS3s,1,outer_evaluation,1,4,2302,8
A,LHC7ZKJy4Zw,1,outer_evaluation,4,16,2302,8
A,LX2rT5C3sJs,1,outer_evaluation,2,8,2302,8
A,LppEvM60-xo,1,outer_evaluation,4,16,2302,8
A,Lxs_6Tvq12E,1,outer_evaluation,2,8,2302,8
A,M2Pb2kx77ww,1,outer_evaluation,5,20,2302,8
A,MBDZbACupsc,1,outer_evaluation,9,36,2302,8
A,MFrwi-RibUk,1,outer_evaluation,13,52,2302,8
A,MIuJDn_0yVU,1,outer_evaluation,9,36,2302,8
A,MJnc4GUhUuY,1,outer_evaluation,6,24,2302,8
A,MKShLlJ7X7g,1,outer_evaluation,4,16,2302,8
A,MMaEsDdBsvM,1,outer_evaluation,1,4,2302,8
A,MNLG4-diuYM,1,outer_evaluation,7,28,2302,8
A,MNXBOeiPhec,1,outer_evaluation,6,24,2302,8
A,MSmTFZ_-THM,1,outer_evaluation,5,20,2302,8
A,MWCNzYUCys0,1,outer_evaluation,3,12,2302,8
A,MZoLQD83R-4,1,outer_evaluation,3,12,2302,8
A,MbpPBLUjpV4,1,outer_evaluation,12,48,2302,8
A,McnbZjgCPLw,1,outer_evaluation,4,16,2302,8
A,MhojeOmmjC8,1,outer_evaluation,2,8,2302,8
A,MnFRVJtHAeo,1,outer_evaluation,4,16,2302,8
A,MsjnLoTKAXo,1,outer_evaluation,6,24,2302,8
A,MvFFYObY9A8,1,outer_evaluation,2,8,2302,8
A,Mw4EZYZAd9c,1,outer_evaluation,4,16,2302,8
A,MyfRrTjglm8,1,outer_evaluation,7,28,2302,8
A,N0GhVkCwrqw,1,outer_evaluation,4,16,2302,8
A,N0Y7x_fJ0Nw,1,outer_evaluation,6,24,2302,8
A,N0pKIn6VhOw,1,outer_evaluation,3,12,2302,8
A,N188QSyfmeQ,1,outer_evaluation,6,24,2302,8
A,N3QuD26DuCI,1,outer_evaluation,6,24,2302,8
A,N7tS7A0WWpM,1,outer_evaluation,9,36,2302,8
A,NCJTV5KaJJc,1,outer_evaluation,8,32,2302,8
A,NDMAVMZyISM,1,outer_evaluation,5,20,2302,8
A,NKindd5Xn3s,1,outer_evaluation,6,24,2302,8
A,NZtIGzAzJZM,1,outer_evaluation,3,12,2302,8
A,Nd55vByy2F8,1,outer_evaluation,4,16,2302,8
A,Ns_h5IVcZ9k,1,outer_evaluation,7,28,2302,8
A,NuRvTWhELqs,1,outer_evaluation,4,16,2302,8
A,Nzh2KkaGwrE,1,outer_evaluation,3,12,2302,8
A,NzpymNJaFjo,1,outer_evaluation,2,8,2302,8
A,O2CEvvYWWbU,1,outer_evaluation,9,36,2302,8
A,O3whFU2lAAk,1,outer_evaluation,5,20,2302,8
A,O8IJh_L0EfM,1,outer_evaluation,7,28,2302,8
A,OBaMn1-x7jQ,1,outer_evaluation,5,20,2302,8
A,OEMSGahoCmM,1,outer_evaluation,1,4,2302,8
A,OEesmAnTpeA,1,outer_evaluation,4,16,2302,8
A,OFBc3z99bIc,1,outer_evaluation,14,56,2302,8
A,OGXUtVG0Y9w,1,outer_evaluation,2,8,2302,8
A,OHWyYVux-yw,1,outer_evaluation,12,48,2302,8
A,OIJr0voCvVQ,1,outer_evaluation,1,4,2302,8
A,OJwO6g01qO8,1,outer_evaluation,2,8,2302,8
A,OOh1_ffKOKk,1,outer_evaluation,5,20,2302,8
A,OSyKmOye5Uo,1,outer_evaluation,3,12,2302,8
A,O_fTDhCtAhw,1,outer_evaluation,4,16,2302,8
A,Ob8vPQCPDX0,1,outer_evaluation,6,24,2302,8
A,OdKp0hYomgs,1,outer_evaluation,10,40,2302,8
A,Olx-sTx7HTk,1,outer_evaluation,4,16,2302,8
A,OoOD_VBL0i0,1,outer_evaluation,1,4,2302,8
A,Or-9Nc_GAq8,1,outer_evaluation,1,4,2302,8
A,OwYfPi9St0w,1,outer_evaluation,1,4,2302,8
A,P35dyIit1yM,1,outer_evaluation,5,20,2302,8
A,PGBrZLC15yA,1,outer_evaluation,3,12,2302,8
A,PN3ApHIGopo,1,outer_evaluation,2,8,2302,8
A,PYylJk8R9Ak,1,outer_evaluation,4,16,2302,8
A,PbyI-sUzLZY,1,outer_evaluation,4,16,2302,8
A,PtdK-TLOuD0,1,outer_evaluation,2,8,2302,8
A,Q5fZk_jPjBI,1,outer_evaluation,5,20,2302,8
A,Q7OvlYjNt9w,1,outer_evaluation,2,8,2302,8
A,Q8naC1qriIU,1,outer_evaluation,4,16,2302,8
A,QI-TTqj0KnA,1,outer_evaluation,3,12,2302,8
A,QLEOYF7Mju0,1,outer_evaluation,11,44,2302,8
A,QMEgjkpyVzQ,1,outer_evaluation,4,16,2302,8
A,QNxiqu1y1N0,1,outer_evaluation,2,8,2302,8
A,QP2CjKap818,1,outer_evaluation,2,8,2302,8
A,QQVRIGEUa_Q,1,outer_evaluation,1,4,2302,8
A,QUpI5kMw_nA,1,outer_evaluation,6,24,2302,8
A,QXPOQW2tRBs,1,outer_evaluation,1,4,2302,8
A,QYp0lGhyL6A,1,outer_evaluation,9,36,2302,8
A,Q_py5n2fQXw,1,outer_evaluation,3,12,2302,8
A,QoIsjc4-GIg,1,outer_evaluation,10,40,2302,8
A,R-HKj8Yn06k,1,outer_evaluation,1,4,2302,8
A,R0o37yJ1PP0,1,outer_evaluation,6,24,2302,8
A,R0uRDh-engU,1,outer_evaluation,3,12,2302,8
A,R5a3TP-l_n4,1,outer_evaluation,4,16,2302,8
A,R8Kw_4Y9E0s,1,outer_evaluation,1,4,2302,8
A,R9ypacCuEZo,1,outer_evaluation,6,24,2302,8
A,RIAEgUKtzxw,1,outer_evaluation,4,16,2302,8
A,RImmdklTOW0,1,outer_evaluation,16,64,2302,8
A,RKP6j28FCWE,1,outer_evaluation,3,12,2302,8
A,RLHZ6xtIWSM,1,outer_evaluation,8,32,2302,8
A,RS5WM3q2ZZQ,1,outer_evaluation,18,72,2302,8
A,RST6PgpsLws,1,outer_evaluation,8,32,2302,8
A,RdExUaEIWIk,1,outer_evaluation,6,24,2302,8
A,RdOc70IrjJo,1,outer_evaluation,2,8,2302,8
A,RfKxYiFd-fs,1,outer_evaluation,2,8,2302,8
A,RqOgkJbqFXg,1,outer_evaluation,4,16,2302,8
A,Rse6laKf1i8,1,outer_evaluation,9,36,2302,8
A,Rw2pzFGosmw,1,outer_evaluation,7,28,2302,8
A,RwcTz-tOIeo,1,outer_evaluation,4,16,2302,8
A,S2znq3iRPwE,1,outer_evaluation,9,36,2302,8
A,S6S2XL0-ZpM,1,outer_evaluation,1,4,2302,8
A,S8yP6lBOdKo,1,outer_evaluation,1,4,2302,8
A,S9PDgK7fpJI,1,outer_evaluation,12,48,2302,8
A,SI39azgVUR8,1,outer_evaluation,7,28,2302,8
A,SLi2gT5H6m8,1,outer_evaluation,10,40,2302,8
A,SMzV26l6iA0,1,outer_evaluation,2,8,2302,8
A,SRP5FYP71Ng,1,outer_evaluation,1,4,2302,8
A,SSNrLu-eZiM,1,outer_evaluation,1,4,2302,8
A,STeqtJLakQQ,1,outer_evaluation,7,28,2302,8
A,SWhfaL7AdEc,1,outer_evaluation,9,36,2302,8
A,S_ISgjJR1bc,1,outer_evaluation,1,4,2302,8
A,S_mxvk4LEh0,1,outer_evaluation,6,24,2302,8
A,S_tGoxSEh5Y,1,outer_evaluation,1,4,2302,8
A,SaNXCez-9iQ,1,outer_evaluation,2,8,2302,8
A,Sb2xMPwNKPo,1,outer_evaluation,5,20,2302,8
A,Sglx7douG_4,1,outer_evaluation,2,8,2302,8
A,ShgrdU9WAJE,1,outer_evaluation,13,52,2302,8
A,SmftC-VAfYQ,1,outer_evaluation,5,20,2302,8
A,So3bPzg2bq0,1,outer_evaluation,7,28,2302,8
A,SrMN3rwvCsE,1,outer_evaluation,7,28,2302,8
A,SuKnUzid-1g,1,outer_evaluation,2,8,2302,8
A,T-vqHR989bM,1,outer_evaluation,2,8,2302,8
A,T1icdxz0TNs,1,outer_evaluation,2,8,2302,8
A,T4e4Ba1sRg0,1,outer_evaluation,7,28,2302,8
A,TBCjKGYBNIo,1,outer_evaluation,22,88,2302,8
A,TFKgo5JlPro,1,outer_evaluation,2,8,2302,8
A,TNwwVWA-oAE,1,outer_evaluation,6,24,2302,8
A,TO5HjoK8Iu8,1,outer_evaluation,11,44,2302,8
A,TUY83eDK5jc,1,outer_evaluation,9,36,2302,8
A,TZXcQemh8n8,1,outer_evaluation,2,8,2302,8
A,TahiuVpcROM,1,outer_evaluation,1,4,2302,8
A,Tdw0fJt0lco,1,outer_evaluation,2,8,2302,8
A,Tiq67-bAV3M,1,outer_evaluation,6,24,2302,8
A,TwTLsgfpKvA,1,outer_evaluation,10,40,2302,8
A,TxRS6vJ9ak0,1,outer_evaluation,7,28,2302,8
A,U2Ydtq6qvL0,1,outer_evaluation,5,20,2302,8
A,UF9OlX-QNHU,1,outer_evaluation,2,8,2302,8
A,UKVwc6I06x8,1,outer_evaluation,3,12,2302,8
A,ULtBuI6nMaY,1,outer_evaluation,6,24,2302,8
A,URP2YlSNuZ4,1,outer_evaluation,2,8,2302,8
A,UUukBV82P9A,1,outer_evaluation,12,48,2302,8
A,UXvMaHD9kmA,1,outer_evaluation,15,60,2302,8
A,Ua4g9q0r-dI,1,outer_evaluation,17,68,2302,8
A,UeOIb6s0pVM,1,outer_evaluation,11,44,2302,8
A,UfLMdSGGQVw,1,outer_evaluation,10,40,2302,8
A,UgTM9y2rD38,1,outer_evaluation,3,12,2302,8
A,Uiq0lf9ibF8,1,outer_evaluation,1,4,2302,8
A,UjT8pHMN8Q8,1,outer_evaluation,2,8,2302,8
A,UkqTwAuA8jI,1,outer_evaluation,4,16,2302,8
A,UmB5c_QqUPs,1,outer_evaluation,13,52,2302,8
A,UtjenieM1Ak,1,outer_evaluation,3,12,2302,8
A,V5lfNohNlEg,1,outer_evaluation,1,4,2302,8
A,VAFdgtqZz4g,1,outer_evaluation,3,12,2302,8
A,VCIe-4p0xoM,1,outer_evaluation,1,4,2302,8
A,VZqkWIPmH6w,1,outer_evaluation,10,40,2302,8
A,VbmSzYg_lmg,1,outer_evaluation,1,4,2302,8
A,VgqI1KRnDSw,1,outer_evaluation,4,16,2302,8
A,VjAvqFXEmmk,1,outer_evaluation,8,32,2302,8
A,VoETCD8fBLI,1,outer_evaluation,2,8,2302,8
A,Vv2DTPyyw90,1,outer_evaluation,6,24,2302,8
A,VybXjsmsjAY,1,outer_evaluation,9,36,2302,8
A,VzDXgBOe5iI,1,outer_evaluation,4,16,2302,8
A,W-ptEZFARVo,1,outer_evaluation,11,44,2302,8
A,W53uRqITk2I,1,outer_evaluation,9,36,2302,8
A,WANirpnKa4w,1,outer_evaluation,5,20,2302,8
A,WBCRTcMJZZc,1,outer_evaluation,4,16,2302,8
A,WJ2QF4Kw9Y8,1,outer_evaluation,3,12,2302,8
A,WTF9xgqLIvI,1,outer_evaluation,10,40,2302,8
A,WYSomBHdl4c,1,outer_evaluation,1,4,2302,8
A,WZVfvgTeFPo,1,outer_evaluation,3,12,2302,8
A,WaaSYRPwQBw,1,outer_evaluation,2,8,2302,8
A,WovurMxG2Aw,1,outer_evaluation,5,20,2302,8
A,WxYb2x_irTM,1,outer_evaluation,2,8,2302,8
A,X3p50qqFW_w,1,outer_evaluation,6,24,2302,8
A,X6-jJO00DMg,1,outer_evaluation,3,12,2302,8
A,X7-Gbk8gAD0,1,outer_evaluation,7,28,2302,8
A,XAazxiP6tP0,1,outer_evaluation,7,28,2302,8
A,XEZ7e4pf1xE,1,outer_evaluation,11,44,2302,8
A,XFGHTk_3hGg,1,outer_evaluation,4,16,2302,8
A,XPoY4LD-A1I,1,outer_evaluation,8,32,2302,8
A,XVSDfgstFUQ,1,outer_evaluation,6,24,2302,8
A,XbolrpSc0KU,1,outer_evaluation,6,24,2302,8
A,XcHLB-qfv5M,1,outer_evaluation,2,8,2302,8
A,XsEPZydHWdo,1,outer_evaluation,2,8,2302,8
A,Xx7Y2YIbleA,1,outer_evaluation,9,36,2302,8
A,Y4izAQYtGEw,1,outer_evaluation,5,20,2302,8
A,Y6zyM1nDhN0,1,outer_evaluation,6,24,2302,8
A,Y9fvHRNz2Bs,1,outer_evaluation,4,16,2302,8
A,YEOU4KFDjZo,1,outer_evaluation,3,12,2302,8
A,YGeVGXXK3ao,1,outer_evaluation,3,12,2302,8
A,YITXOmhQhYE,1,outer_evaluation,10,40,2302,8
A,YJJoYkFPmds,1,outer_evaluation,12,48,2302,8
A,YRbtXb9fWmI,1,outer_evaluation,7,28,2302,8
A,YRmjALBdTdE,1,outer_evaluation,7,28,2302,8
A,YVBsDJtAbk4,1,outer_evaluation,4,16,2302,8
A,YWxvIFmYnNU,1,outer_evaluation,20,80,2302,8
A,YY2yjEEoB3U,1,outer_evaluation,4,16,2302,8
A,YcJ5RJYUr7Y,1,outer_evaluation,16,64,2302,8
A,YgyqX4aZ4tE,1,outer_evaluation,9,36,2302,8
A,Yi6Qyn4X8is,1,outer_evaluation,9,36,2302,8
A,YjNYBBs1AZw,1,outer_evaluation,1,4,2302,8
A,YmGfjU5PGyE,1,outer_evaluation,2,8,2302,8
A,YqHEmUKUy-E,1,outer_evaluation,2,8,2302,8
A,ZJGzEeDXbyM,1,outer_evaluation,2,8,2302,8
A,ZMAoUt0SD7E,1,outer_evaluation,1,4,2302,8
A,ZQuGizjoCTY,1,outer_evaluation,7,28,2302,8
A,ZRic9ygn9f8,1,outer_evaluation,3,12,2302,8
A,ZUqTWOx9jYU,1,outer_evaluation,6,24,2302,8
A,ZW4Oe_fKJM0,1,outer_evaluation,7,28,2302,8
A,ZXHX_e6HCI0,1,outer_evaluation,4,16,2302,8
A,ZbVa-a2tNFM,1,outer_evaluation,3,12,2302,8
A,ZdX9sUd3bAI,1,outer_evaluation,4,16,2302,8
A,ZfQYEa2fHGo,1,outer_evaluation,3,12,2302,8
A,ZiM_gkdFGJk,1,outer_evaluation,2,8,2302,8
A,Zj_4YmbMWtg,1,outer_evaluation,4,16,2302,8
A,ZltpfWh2aIw,1,outer_evaluation,1,4,2302,8
A,Zo8jCDGMWjw,1,outer_evaluation,1,4,2302,8
A,Zr3psuFQoDY,1,outer_evaluation,1,4,2302,8
A,_26JmJnPKfM,1,outer_evaluation,24,96,2302,8
A,_2u0MkRqpjA,1,outer_evaluation,1,4,2302,8
A,_4K620KW_Is,1,outer_evaluation,3,12,2302,8
A,_4PNh8dIILI,1,outer_evaluation,2,8,2302,8
A,_HabvL0VnrQ,1,outer_evaluation,9,36,2302,8
A,_JcML8u5Wes,1,outer_evaluation,3,12,2302,8
A,_KGd7IpX3B4,1,outer_evaluation,1,4,2302,8
A,_UNQDdiAbWI,1,outer_evaluation,4,16,2302,8
A,_XWUKMkxa-Q,1,outer_evaluation,1,4,2302,8
A,_YzIvwvyIq4,1,outer_evaluation,1,4,2302,8
A,_iRAn6feOmw,1,outer_evaluation,5,20,2302,8
A,_tBaGXNwlp0,1,outer_evaluation,6,24,2302,8
A,_v8c7iWkYz0,1,outer_evaluation,6,24,2302,8
A,a4vRa-_nuJw,1,outer_evaluation,6,24,2302,8
A,a7HHg_JygJo,1,outer_evaluation,7,28,2302,8
A,a8WV5KEMKSw,1,outer_evaluation,5,20,2302,8
A,aCwLQrJz4Bo,1,outer_evaluation,5,20,2302,8
A,aDvgbBqTWWE,1,outer_evaluation,6,24,2302,8
A,aE7sckIAWuw,1,outer_evaluation,6,24,2302,8
A,aI1tdJPHz2I,1,outer_evaluation,4,16,2302,8
A,aIUF3QJJOF4,1,outer_evaluation,9,36,2302,8
A,aKPfbyW-Qxw,1,outer_evaluation,9,36,2302,8
A,aMtFBGh2wKI,1,outer_evaluation,6,24,2302,8
A,aNOuoSVlunM,1,outer_evaluation,5,20,2302,8
A,aWwjhcYLbRw,1,outer_evaluation,3,12,2302,8
A,aZjCq_hv2Pk,1,outer_evaluation,3,12,2302,8
A,afCsKTHteg4,1,outer_evaluation,4,16,2302,8
A,aiUq5xksJy0,1,outer_evaluation,8,32,2302,8
A,ap465Tlzf88,1,outer_evaluation,2,8,2302,8
A,aqmRPNfeOy8,1,outer_evaluation,4,16,2302,8
A,assx_NKo-L8,1,outer_evaluation,21,84,2302,8
A,atxoi7pB5TM,1,outer_evaluation,3,12,2302,8
A,b7DK08bWU6c,1,outer_evaluation,1,4,2302,8
A,b8xmgi4VV0M,1,outer_evaluation,9,36,2302,8
A,bCDfIJ12oqM,1,outer_evaluation,2,8,2302,8
A,bEXCrGIOoWU,1,outer_evaluation,3,12,2302,8
A,bI3DTH2yTbM,1,outer_evaluation,2,8,2302,8
A,bJI7-LnKPH4,1,outer_evaluation,6,24,2302,8
A,bQcJVJcpgAs,1,outer_evaluation,4,16,2302,8
A,bU6CgE_kMRY,1,outer_evaluation,4,16,2302,8
A,bZ2ytqPtyK4,1,outer_evaluation,1,4,2302,8
A,b_SffSbPVJM,1,outer_evaluation,6,24,2302,8
A,babuyKl7EAw,1,outer_evaluation,12,48,2302,8
A,badtXoOJaf8,1,outer_evaluation,5,20,2302,8
A,bge5PUG3G4A,1,outer_evaluation,4,16,2302,8
A,bhFK-xy76U4,1,outer_evaluation,2,8,2302,8
A,bhPB19tr-JY,1,outer_evaluation,6,24,2302,8
A,bkP-BNW4oMg,1,outer_evaluation,6,24,2302,8
A,c7xUcM68IFE,1,outer_evaluation,8,32,2302,8
A,c805Td8A_Ek,1,outer_evaluation,9,36,2302,8
A,cAA2mONG98w,1,outer_evaluation,2,8,2302,8
A,cHBRDdSXLtU,1,outer_evaluation,2,8,2302,8
A,cHrOisasWLU,1,outer_evaluation,3,12,2302,8
A,cKUPgzZu-Fk,1,outer_evaluation,3,12,2302,8
A,cKldvZeyRDA,1,outer_evaluation,1,4,2302,8
A,cM1Zuji24dI,1,outer_evaluation,2,8,2302,8
A,cMsTvqU_-rc,1,outer_evaluation,2,8,2302,8
A,cOcNe3L4VAg,1,outer_evaluation,16,64,2302,8
A,cRFiXLzcCOA,1,outer_evaluation,4,16,2302,8
A,cR_KQlNhoNE,1,outer_evaluation,10,40,2302,8
A,cS3BDGNDu_8,1,outer_evaluation,2,8,2302,8
A,cSrM5mHACmA,1,outer_evaluation,3,12,2302,8
A,cWN1bibicHc,1,outer_evaluation,2,8,2302,8
A,cXu56oK462o,1,outer_evaluation,2,8,2302,8
A,c_FJuhSte8Q,1,outer_evaluation,11,44,2302,8
A,cmJW6mkspkI,1,outer_evaluation,2,8,2302,8
A,cnllFPRyBFs,1,outer_evaluation,3,12,2302,8
A,ctMCSUT2LlQ,1,outer_evaluation,8,32,2302,8
A,cyOSDKOxb1o,1,outer_evaluation,3,12,2302,8
A,cyu1HhakSaQ,1,outer_evaluation,1,4,2302,8
A,d38u9n5GOLM,1,outer_evaluation,15,60,2302,8
A,d3EeIRaMbbk,1,outer_evaluation,2,8,2302,8
A,d99mfGIenCo,1,outer_evaluation,16,64,2302,8
A,dCDAcBR505Q,1,outer_evaluation,3,12,2302,8
A,dH0FmwvOzs0,1,outer_evaluation,2,8,2302,8
A,dJ5MXl66-UQ,1,outer_evaluation,4,16,2302,8
A,dOSyvhYsfFo,1,outer_evaluation,1,4,2302,8
A,dSax_7klbfE,1,outer_evaluation,7,28,2302,8
A,dYyg91d7zjY,1,outer_evaluation,2,8,2302,8
A,dZK01jhM27k,1,outer_evaluation,3,12,2302,8
A,damyXH7mBic,1,outer_evaluation,2,8,2302,8
A,dbpGH5iP0GE,1,outer_evaluation,3,12,2302,8
A,dcUlt6zk_S0,1,outer_evaluation,3,12,2302,8
A,ddix4XuaUlY,1,outer_evaluation,1,4,2302,8
A,dqragS38hCk,1,outer_evaluation,9,36,2302,8
A,dsob2MgUPpA,1,outer_evaluation,16,64,2302,8
A,e0ltF8zpEcw,1,outer_evaluation,9,36,2302,8
A,e7_2U4lm6TE,1,outer_evaluation,18,72,2302,8
A,eJwZfdtlks8,1,outer_evaluation,2,8,2302,8
A,eOU_40p9RpA,1,outer_evaluation,3,12,2302,8
A,ePiz4zU6crI,1,outer_evaluation,2,8,2302,8
A,eSHOcLD5T58,1,outer_evaluation,8,32,2302,8
A,eW1vgHE6FRM,1,outer_evaluation,8,32,2302,8
A,eeN7l4R3nPc,1,outer_evaluation,4,16,2302,8
A,ejDe6hQWZOk,1,outer_evaluation,3,12,2302,8
A,eo8L7lCTjDQ,1,outer_evaluation,3,12,2302,8
A,ep3IasggD3k,1,outer_evaluation,7,28,2302,8
A,esR-tOjT6KM,1,outer_evaluation,7,28,2302,8
A,esnOE1LefKA,1,outer_evaluation,2,8,2302,8
A,f47bnEUrOvA,1,outer_evaluation,1,4,2302,8
A,f5k5cF80aUE,1,outer_evaluation,4,16,2302,8
A,fB816aeHRFk,1,outer_evaluation,1,4,2302,8
A,fDYZINwIs_A,1,outer_evaluation,1,4,2302,8
A,fEm9AdLNrjk,1,outer_evaluation,3,12,2302,8
A,fOxg1NstCHA,1,outer_evaluation,1,4,2302,8
A,fTNOAssiTYk,1,outer_evaluation,6,24,2302,8
A,fW1pK2L6RgM,1,outer_evaluation,8,32,2302,8
A,faMq0C_wTpU,1,outer_evaluation,1,4,2302,8
A,fbSxct2JcKU,1,outer_evaluation,5,20,2302,8
A,fhY2vbnjuWY,1,outer_evaluation,4,16,2302,8
A,flGZteJUNYU,1,outer_evaluation,1,4,2302,8
A,g8NBNtY3cpU,1,outer_evaluation,1,4,2302,8
A,g99kISQbyuI,1,outer_evaluation,9,36,2302,8
A,gAMbkJk6gnE,1,outer_evaluation,5,20,2302,8
A,gC_wF3uKFW0,1,outer_evaluation,6,24,2302,8
A,gRAmIaSlm80,1,outer_evaluation,1,4,2302,8
A,gU7McujYYPY,1,outer_evaluation,7,28,2302,8
A,gXDRWhJbfFU,1,outer_evaluation,11,44,2302,8
A,gXuiIWRxrw4,1,outer_evaluation,20,80,2302,8
A,gZF-YNQHqwI,1,outer_evaluation,11,44,2302,8
A,gcpsSao7kHM,1,outer_evaluation,6,24,2302,8
A,ge071m9bGeY,1,outer_evaluation,9,36,2302,8
A,gfHrSg3BwiQ,1,outer_evaluation,3,12,2302,8
A,gjGL6YY6oMs,1,outer_evaluation,6,24,2302,8
A,gr8mzv2xZ2s,1,outer_evaluation,1,4,2302,8
A,guRD0zQC6Q0,1,outer_evaluation,4,16,2302,8
A,gv43BPYYxKQ,1,outer_evaluation,2,8,2302,8
A,gvjQ1XfMA_g,1,outer_evaluation,4,16,2302,8
A,h4LrwMn94ss,1,outer_evaluation,4,16,2302,8
A,h7p5URoookk,1,outer_evaluation,29,116,2302,8
A,hASTLbFHrEs,1,outer_evaluation,9,36,2302,8
A,hCFV5VLgS0A,1,outer_evaluation,9,36,2302,8
A,hF6kFQPdBjY,1,outer_evaluation,8,32,2302,8
A,hGRRlXfH0BY,1,outer_evaluation,9,36,2302,8
A,hOp6I4jGvu4,1,outer_evaluation,5,20,2302,8
A,hUBQrLjm4M4,1,outer_evaluation,2,8,2302,8
A,he475nnmMi0,1,outer_evaluation,12,48,2302,8
A,hfK8QtTd7fo,1,outer_evaluation,1,4,2302,8
A,hhK7q30p0Jk,1,outer_evaluation,3,12,2302,8
A,hj1ph17-0jE,1,outer_evaluation,1,4,2302,8
A,hlYDicOj2m0,1,outer_evaluation,4,16,2302,8
A,hnSdAbnHDy4,1,outer_evaluation,4,16,2302,8
A,hntnelpiyl8,1,outer_evaluation,5,20,2302,8
A,hp3nsb_eIc0,1,outer_evaluation,7,28,2302,8
A,i714Xt6eb1Y,1,outer_evaluation,5,20,2302,8
A,iFj9wJaJSPE,1,outer_evaluation,12,48,2302,8
A,iH04VOkbof0,1,outer_evaluation,5,20,2302,8
A,iM3wSwoAtwk,1,outer_evaluation,2,8,2302,8
A,iMG962Rj3Vw,1,outer_evaluation,4,16,2302,8
A,iREkcXde5ds,1,outer_evaluation,10,40,2302,8
A,iYtD_ArCdKw,1,outer_evaluation,13,52,2302,8
A,icIS9VfbzMw,1,outer_evaluation,15,60,2302,8
A,iceSGs0MXaA,1,outer_evaluation,5,20,2302,8
A,icehEYAiimM,1,outer_evaluation,4,16,2302,8
A,ieWQdiQAh4M,1,outer_evaluation,2,8,2302,8
A,iex7I7iVnLk,1,outer_evaluation,2,8,2302,8
A,ihuGFUrzD30,1,outer_evaluation,1,4,2302,8
A,ipLoS44xfO4,1,outer_evaluation,10,40,2302,8
A,ixQbCXLUUj8,1,outer_evaluation,3,12,2302,8
A,ixZAEncExWI,1,outer_evaluation,4,16,2302,8
A,j7fRIGphgtk,1,outer_evaluation,4,16,2302,8
A,jD3iIEsc_K4,1,outer_evaluation,1,4,2302,8
A,jEQoBvc7V1o,1,outer_evaluation,5,20,2302,8
A,jFNgOznarMo,1,outer_evaluation,4,16,2302,8
A,jFpRdhl3fgw,1,outer_evaluation,4,16,2302,8
A,jPf0LjZAS14,1,outer_evaluation,8,32,2302,8
A,jQ3EmbRIe58,1,outer_evaluation,7,28,2302,8
A,jT3FSTBA8Us,1,outer_evaluation,7,28,2302,8
A,jUKH63mltLE,1,outer_evaluation,1,4,2302,8
A,jVayR0VClxQ,1,outer_evaluation,8,32,2302,8
A,jYT3-RQFy1U,1,outer_evaluation,8,32,2302,8
A,jZTe5cbwwEE,1,outer_evaluation,1,4,2302,8
A,jZnFr-Mzj9M,1,outer_evaluation,3,12,2302,8
A,jakiZQd4boM,1,outer_evaluation,4,16,2302,8
A,jbKDW9URnvM,1,outer_evaluation,4,16,2302,8
A,jcQi90n008o,1,outer_evaluation,26,104,2302,8
A,jjb1cWmkhI8,1,outer_evaluation,6,24,2302,8
A,jjbOD6u7V34,1,outer_evaluation,5,20,2302,8
A,jlCFLG6rKKY,1,outer_evaluation,6,24,2302,8
A,jlW4Iep4mmE,1,outer_evaluation,1,4,2302,8
A,jnG9zog4NCs,1,outer_evaluation,7,28,2302,8
A,jqKzaEniiKo,1,outer_evaluation,9,36,2302,8
A,k1ca_xbhohk,1,outer_evaluation,6,24,2302,8
A,k5-3KuvCFms,1,outer_evaluation,2,8,2302,8
A,k8NgVOCDYKM,1,outer_evaluation,12,48,2302,8
A,kDyK9VGfLW8,1,outer_evaluation,2,8,2302,8
A,kKMfsWrigTE,1,outer_evaluation,3,12,2302,8
A,kKkZihSbxF4,1,outer_evaluation,4,16,2302,8
A,kPch8YhNfPE,1,outer_evaluation,4,16,2302,8
A,kPn-t6NSxfQ,1,outer_evaluation,10,40,2302,8
A,kU6YY2z7z0I,1,outer_evaluation,11,44,2302,8
A,kf3fZcx8nIo,1,outer_evaluation,2,8,2302,8
A,khw3YCTFLfs,1,outer_evaluation,1,4,2302,8
A,kiR5zVo2zvU,1,outer_evaluation,26,104,2302,8
A,kk4gr5A6_Uw,1,outer_evaluation,1,4,2302,8
A,kkaX3okuvjI,1,outer_evaluation,6,24,2302,8
A,kmAisuAFckw,1,outer_evaluation,3,12,2302,8
A,krHZuqfXrPU,1,outer_evaluation,30,120,2302,8
A,kuQWPuhnlHs,1,outer_evaluation,4,16,2302,8
A,kwkhYpCHWPw,1,outer_evaluation,8,32,2302,8
A,kxcCxbsKx3w,1,outer_evaluation,9,36,2302,8
A,kz7ahNfXFsk,1,outer_evaluation,1,4,2302,8
A,lEsFI5YJGDo,1,outer_evaluation,14,56,2302,8
A,lKTeLK8nq8w,1,outer_evaluation,9,36,2302,8
A,lTfsqoo-jKg,1,outer_evaluation,10,40,2302,8
A,lUNNDDsm7R8,1,outer_evaluation,4,16,2302,8
A,lVj6ZdyW9pI,1,outer_evaluation,2,8,2302,8
A,lWXjdWvB0VI,1,outer_evaluation,1,4,2302,8
A,lbx3eu8LUl8,1,outer_evaluation,2,8,2302,8
A,liJO1yIFsJs,1,outer_evaluation,1,4,2302,8
A,lksy-At0vxc,1,outer_evaluation,5,20,2302,8
A,ll10nEjTvGE,1,outer_evaluation,5,20,2302,8
A,ltA1VF_DUSc,1,outer_evaluation,1,4,2302,8
A,lzVA--tIse0,1,outer_evaluation,3,12,2302,8
A,m8tzdtrgFUA,1,outer_evaluation,10,40,2302,8
A,mHIvH6Nnrls,1,outer_evaluation,7,28,2302,8
A,mL2v-sODUZ8,1,outer_evaluation,4,16,2302,8
A,mN1Z5xEOy10,1,outer_evaluation,5,20,2302,8
A,mO4H5S_Q7aU,1,outer_evaluation,1,4,2302,8
A,mQTaEIrNxnQ,1,outer_evaluation,7,28,2302,8
A,mRnEJOLkhp8,1,outer_evaluation,11,44,2302,8
A,maO6KmmgcB8,1,outer_evaluation,2,8,2302,8
A,mgovo8VYtvk,1,outer_evaluation,37,148,2302,8
A,mkkoJ2iVbGs,1,outer_evaluation,9,36,2302,8
A,mn8_HvzbN5c,1,outer_evaluation,3,12,2302,8
A,mpfSRGHFY0g,1,outer_evaluation,2,8,2302,8
A,mw_ZwML0SbY,1,outer_evaluation,2,8,2302,8
A,n-sgVVTE9Io,1,outer_evaluation,4,16,2302,8
A,nD1R4UedEDo,1,outer_evaluation,14,56,2302,8
A,nGah7qST1dI,1,outer_evaluation,5,20,2302,8
A,nHMHePX9WoU,1,outer_evaluation,3,12,2302,8
A,nHP7l5zAwGA,1,outer_evaluation,4,16,2302,8
A,nISNBD3I95A,1,outer_evaluation,1,4,2302,8
A,nKiC9sEP2vM,1,outer_evaluation,14,56,2302,8
A,nM5S3xxNOlQ,1,outer_evaluation,10,40,2302,8
A,nNFDj9fRAqE,1,outer_evaluation,1,4,2302,8
A,nTBKtwqPIYw,1,outer_evaluation,7,28,2302,8
A,nZEPf7a8GbI,1,outer_evaluation,2,8,2302,8
A,ngp7s5Wvde0,1,outer_evaluation,5,20,2302,8
A,nhD9WSEIspQ,1,outer_evaluation,6,24,2302,8
A,niX_m3aMxhQ,1,outer_evaluation,4,16,2302,8
A,nmWplIQhvoA,1,outer_evaluation,4,16,2302,8
A,nsLACXjD4KU,1,outer_evaluation,4,16,2302,8
A,nz2vkMyqfeE,1,outer_evaluation,6,24,2302,8
A,o2miCpS7Hwo,1,outer_evaluation,3,12,2302,8
A,o4b7hjQwpv0,1,outer_evaluation,10,40,2302,8
A,o8OZGBDPD8M,1,outer_evaluation,7,28,2302,8
A,oANUXY3xXKM,1,outer_evaluation,8,32,2302,8
A,oCsrnIomHos,1,outer_evaluation,5,20,2302,8
A,oDznO5w3v0U,1,outer_evaluation,3,12,2302,8
A,oGnKsroR0R0,1,outer_evaluation,18,72,2302,8
A,oHV99Y_EWfI,1,outer_evaluation,14,56,2302,8
A,oNCvb0F-c88,1,outer_evaluation,1,4,2302,8
A,oOhxCwkZsUI,1,outer_evaluation,2,8,2302,8
A,oPvUDLhTrjI,1,outer_evaluation,11,44,2302,8
A,oVqBUyKvgdU,1,outer_evaluation,6,24,2302,8
A,oWAyEzyp2xQ,1,outer_evaluation,12,48,2302,8
A,oecQ9yDtfx0,1,outer_evaluation,3,12,2302,8
A,ogGweZUAVtU,1,outer_evaluation,52,208,2302,8
A,oj7A8mpuBeQ,1,outer_evaluation,13,52,2302,8
A,olVQZV_1rdA,1,outer_evaluation,2,8,2302,8
A,olcPEN9x5VY,1,outer_evaluation,10,40,2302,8
A,omHQ68k50XY,1,outer_evaluation,8,32,2302,8
A,ou6S6fbfBWU,1,outer_evaluation,2,8,2302,8
A,p4IeTRNcxc4,1,outer_evaluation,3,12,2302,8
A,p5LEk2u8tXk,1,outer_evaluation,7,28,2302,8
A,pC0zFF8CXXk,1,outer_evaluation,2,8,2302,8
A,pI5Kng_GuLE,1,outer_evaluation,1,4,2302,8
A,pVzHaakhKAw,1,outer_evaluation,2,8,2302,8
A,pYUTSG9frAk,1,outer_evaluation,4,16,2302,8
A,pbFwuNCQlH8,1,outer_evaluation,9,36,2302,8
A,pfCPogxnUfw,1,outer_evaluation,16,64,2302,8
A,pjWLxORDDP4,1,outer_evaluation,1,4,2302,8
A,plsot5mFAtQ,1,outer_evaluation,3,12,2302,8
A,po5jCjnxW1w,1,outer_evaluation,1,4,2302,8
A,pqAGD3ijMPw,1,outer_evaluation,2,8,2302,8
A,pttwIaJmfcU,1,outer_evaluation,3,12,2302,8
A,pu1C7tmYHxI,1,outer_evaluation,3,12,2302,8
A,pvlmYjQdRmA,1,outer_evaluation,1,4,2302,8
A,pwj9YeMJC08,1,outer_evaluation,8,32,2302,8
A,pzUplbeH_fg,1,outer_evaluation,1,4,2302,8
A,q-0gu48ClF4,1,outer_evaluation,4,16,2302,8
A,q1_knonj0Lw,1,outer_evaluation,15,60,2302,8
A,qDIh6YNbIMU,1,outer_evaluation,10,40,2302,8
A,qEkFReBuwxc,1,outer_evaluation,14,56,2302,8
A,qFsGMA75-oQ,1,outer_evaluation,4,16,2302,8
A,qJh6x4wmmh8,1,outer_evaluation,4,16,2302,8
A,qaoSn1eEyq0,1,outer_evaluation,1,4,2302,8
A,qdeQg5dZb2E,1,outer_evaluation,3,12,2302,8
A,qed3medhsj4,1,outer_evaluation,5,20,2302,8
A,qjMyjLSORY4,1,outer_evaluation,20,80,2302,8
A,qlDT-bmIzQI,1,outer_evaluation,5,20,2302,8
A,qlDiE1d45Bc,1,outer_evaluation,6,24,2302,8
A,qmx0nQZYHIo,1,outer_evaluation,2,8,2302,8
A,qrI7XCKRFNk,1,outer_evaluation,6,24,2302,8
A,qyJiDgtj6YE,1,outer_evaluation,7,28,2302,8
A,r4ul1wl_1T8,1,outer_evaluation,6,24,2302,8
A,r917wP1qsL4,1,outer_evaluation,3,12,2302,8
A,rB6WmWvvyxg,1,outer_evaluation,8,32,2302,8
A,rBWeo_rEdcU,1,outer_evaluation,12,48,2302,8
A,rVG8gOAY0JE,1,outer_evaluation,1,4,2302,8
A,rZqWAnrJ1Nc,1,outer_evaluation,1,4,2302,8
A,r_vjlTcrI-U,1,outer_evaluation,3,12,2302,8
A,raQ9Pcgo-II,1,outer_evaluation,4,16,2302,8
A,rexJoy4RMdY,1,outer_evaluation,4,16,2302,8
A,rsQRiALH5FU,1,outer_evaluation,4,16,2302,8
A,rv1gp0wEhI0,1,outer_evaluation,1,4,2302,8
A,rwe-hBNpzH8,1,outer_evaluation,3,12,2302,8
A,rz4Ax6xfZHQ,1,outer_evaluation,9,36,2302,8
A,rzsk_IvI7bQ,1,outer_evaluation,1,4,2302,8
A,s2oX3zxWuEI,1,outer_evaluation,1,4,2302,8
A,sC1NvtirijU,1,outer_evaluation,22,88,2302,8
A,sIGAq2J4KKI,1,outer_evaluation,3,12,2302,8
A,sK9_de5Jx4U,1,outer_evaluation,1,4,2302,8
A,sKwPCpFtUUI,1,outer_evaluation,3,12,2302,8
A,sLaTZtL0ZIk,1,outer_evaluation,2,8,2302,8
A,sMnbpyFqrlE,1,outer_evaluation,10,40,2302,8
A,sWsDAG6x9n0,1,outer_evaluation,3,12,2302,8
A,sjoArVtU8-o,1,outer_evaluation,9,36,2302,8
A,skp_SpnIOCM,1,outer_evaluation,3,12,2302,8
A,slLRsFFiiRc,1,outer_evaluation,4,16,2302,8
A,sn1fEo72gJM,1,outer_evaluation,5,20,2302,8
A,soqnBdPOwoo,1,outer_evaluation,8,32,2302,8
A,srbrWyZRMCI,1,outer_evaluation,12,48,2302,8
A,t0Wi5Nb6kbI,1,outer_evaluation,4,16,2302,8
A,t80DGfWJ3fI,1,outer_evaluation,1,4,2302,8
A,tQk-eoA7JyE,1,outer_evaluation,2,8,2302,8
A,tXQQ0joMq1Q,1,outer_evaluation,1,4,2302,8
A,tXxXhGD1aMo,1,outer_evaluation,5,20,2302,8
A,tXxf6-CilNI,1,outer_evaluation,9,36,2302,8
A,ta26Z2YEVMQ,1,outer_evaluation,4,16,2302,8
A,taGs3-SMoYM,1,outer_evaluation,6,24,2302,8
A,tgrxA3CiBv0,1,outer_evaluation,10,40,2302,8
A,txjqbr6FoZs,1,outer_evaluation,8,32,2302,8
A,u6H0sVuY1ac,1,outer_evaluation,2,8,2302,8
A,uAExKaLeOl8,1,outer_evaluation,8,32,2302,8
A,uN0d3ZOkDp8,1,outer_evaluation,4,16,2302,8
A,uTWeng4h5eM,1,outer_evaluation,5,20,2302,8
A,ueCWy7aTmyo,1,outer_evaluation,20,80,2302,8
A,uyOrVTq8Tjk,1,outer_evaluation,5,20,2302,8
A,uyeQsv2tq44,1,outer_evaluation,1,4,2302,8
A,v0a8N7Y-Vfc,1,outer_evaluation,3,12,2302,8
A,v1GKBjohgHc,1,outer_evaluation,5,20,2302,8
A,v9GshyXtiWg,1,outer_evaluation,9,36,2302,8
A,vCWpKubBbcw,1,outer_evaluation,2,8,2302,8
A,vM3YB7LmMq4,1,outer_evaluation,49,196,2302,8
A,vNID-RVhWcQ,1,outer_evaluation,3,12,2302,8
A,vYOr36tdcpc,1,outer_evaluation,3,12,2302,8
A,veHYwR7ge6Y,1,outer_evaluation,1,4,2302,8
A,vttEPA6Xffk,1,outer_evaluation,5,20,2302,8
A,w1MxXu5D7ho,1,outer_evaluation,3,12,2302,8
A,w8TXP0iz29A,1,outer_evaluation,4,16,2302,8
A,wCbQxI_-GKU,1,outer_evaluation,1,4,2302,8
A,wCtZdAdoIm8,1,outer_evaluation,2,8,2302,8
A,wHQYmMZzyJY,1,outer_evaluation,11,44,2302,8
A,wLJohZMqR-g,1,outer_evaluation,2,8,2302,8
A,wOKWTFYYMuk,1,outer_evaluation,4,16,2302,8
A,wOjnqud5GBA,1,outer_evaluation,7,28,2302,8
A,wQkNqbrAlB4,1,outer_evaluation,1,4,2302,8
A,wR3zalLV_6c,1,outer_evaluation,15,60,2302,8
A,wUf6AvCMHbQ,1,outer_evaluation,1,4,2302,8
A,wXuBJvzeC1Q,1,outer_evaluation,4,16,2302,8
A,w_qYZSVx2dM,1,outer_evaluation,7,28,2302,8
A,wd-LTpCtAzw,1,outer_evaluation,9,36,2302,8
A,werKCgZ5dFE,1,outer_evaluation,5,20,2302,8
A,wfLrS6CdFs4,1,outer_evaluation,2,8,2302,8
A,wgCSuviySwg,1,outer_evaluation,2,8,2302,8
A,wj3ur4fsiN4,1,outer_evaluation,26,104,2302,8
A,wlrb0HyIs-Q,1,outer_evaluation,3,12,2302,8
A,wtCKzu8eVJ0,1,outer_evaluation,1,4,2302,8
A,wvMA0r3esw8,1,outer_evaluation,5,20,2302,8
A,wxxqXK9x-64,1,outer_evaluation,5,20,2302,8
A,wz3nVBPVgIA,1,outer_evaluation,10,40,2302,8
A,x5xF4yu9Bos,1,outer_evaluation,10,40,2302,8
A,x9E8yaFCX0Y,1,outer_evaluation,9,36,2302,8
A,xNYsfeSgDCQ,1,outer_evaluation,4,16,2302,8
A,xPhlDO-2Foc,1,outer_evaluation,6,24,2302,8
A,xXGEkDhu94E,1,outer_evaluation,5,20,2302,8
A,xXIq7YPkdUQ,1,outer_evaluation,3,12,2302,8
A,xZ1FrxU6hcg,1,outer_evaluation,6,24,2302,8
A,xfeASyC6PPg,1,outer_evaluation,4,16,2302,8
A,xge9aYTxxOA,1,outer_evaluation,4,16,2302,8
A,xk4C4p5vHDk,1,outer_evaluation,10,40,2302,8
A,xlNDpmKgSIc,1,outer_evaluation,1,4,2302,8
A,xqcqieV0Rn8,1,outer_evaluation,5,20,2302,8
A,xsiHAO0gq74,1,outer_evaluation,1,4,2302,8
A,xvnFF0FiyS4,1,outer_evaluation,10,40,2302,8
A,y-nEcwAyQos,1,outer_evaluation,4,16,2302,8
A,yDIFWzOBjXc,1,outer_evaluation,23,92,2302,8
A,yEtfjJOMMCs,1,outer_evaluation,23,92,2302,8
A,yG3wpvLUQcg,1,outer_evaluation,3,12,2302,8
A,yHtR71rx16I,1,outer_evaluation,7,28,2302,8
A,yKdIZR5xfcc,1,outer_evaluation,13,52,2302,8
A,yOQHOiswVjc,1,outer_evaluation,12,48,2302,8
A,ygb8Cfxghbs,1,outer_evaluation,12,48,2302,8
A,ymPQOY2O_nw,1,outer_evaluation,4,16,2302,8
A,yp6Gd2NPwOU,1,outer_evaluation,8,32,2302,8
A,ypZhKsR-9iI,1,outer_evaluation,4,16,2302,8
A,ysGFcG_PI5I,1,outer_evaluation,3,12,2302,8
A,ytXVSpPfKwA,1,outer_evaluation,4,16,2302,8
A,z6E-ocntPo4,1,outer_evaluation,9,36,2302,8
A,z8bWG2z-bMM,1,outer_evaluation,7,28,2302,8
A,zJWmmDk9fCE,1,outer_evaluation,2,8,2302,8
A,zPskvGHHQtE,1,outer_evaluation,5,20,2302,8
A,zU2_X9lIcUM,1,outer_evaluation,4,16,2302,8
A,zURYO3k8lW0,1,outer_evaluation,3,12,2302,8
A,zaTyjiyrHnk,1,outer_evaluation,5,20,2302,8
A,zcG0ms7CdBE,1,outer_evaluation,2,8,2302,8
A,zeQKU2L173M,1,outer_evaluation,7,28,2302,8
A,zg-ZIxVsBbQ,1,outer_evaluation,1,4,2302,8
A,zi0a6r52ZlY,1,outer_evaluation,2,8,2302,8
A,zj4PzGtFwJM,1,outer_evaluation,5,20,2302,8
A,zknhrUs7-lI,1,outer_evaluation,4,16,2302,8
A,znNt--6itO4,1,outer_evaluation,6,24,2302,8
A,zqkawTdHN5s,1,outer_evaluation,2,8,2302,8
A,zrFZAofNGi4,1,outer_evaluation,8,32,2302,8
A,zwRBZisdpQ0,1,outer_evaluation,5,20,2302,8
A,zx4W0Vuus-I,1,outer_evaluation,1,4,2302,8
